chromosome,position,ref,alt,variant_type
chr1,43349338,G,T,SNP
chr1,114713907,T,G,SNP
chr1,114716126,C,T,SNP
chr1,155904470,C,T,SNP
chr1,162775707,A,T,SNP
chr10,8073911,C,CG,INDEL
chr10,43100532,C,T,SNP
chr10,43102447,CCTT,C,INDEL
chr10,43105037,CGAGCTGGT,C,INDEL
chr10,43109132,C,T,SNP
chr10,43111413,GCAGACCTCTAGGCAGGCCCAGGCC,G,INDEL
chr10,43112100,TGTGGCCGAG,T,INDEL
chr10,43112867,T,TTCC,INDEL
chr10,43113625,ACTGCTTCCCTGAGGAGGAGAAGTGCTT,A,INDEL
chr10,43118395,G,A,SNP
chr10,43119624,G,T,SNP
chr10,43120163,GAGATGTTTATGA,G,INDEL
chr10,43121968,T,C,SNP
chr10,43124887,C,T,SNP
chr10,43128223,TGCTTTCACCCTCAGCG,T,INDEL
chr10,87864536,T,TCGGGAGC,INDEL
chr10,87894056,T,TATGGGATTG,INDEL
chr10,87925549,A,ATAT,INDEL
chr10,87931069,C,CTA,INDEL
chr10,87933148,G,A,SNP
chr10,87952180,T,TCACCGA,INDEL
chr10,87965289,GAAGCTGTACTTCACAA,G,INDEL
chr10,121498520,A,T,SNP
chr10,121515260,A,G,SNP
chr10,121520163,G,C,SNP
chr11,534288,C,A,SNP
chr11,69651251,C,T,SNP
chr11,108227624,CATGAGTCTAGTACTTAATG,C,INDEL
chr11,108229315,CAAACAGAA,C,INDEL
chr11,108235814,TATCTC,T,INDEL
chr11,108247062,T,TA,INDEL
chr11,108249045,GGGAAGTA,G,INDEL
chr11,108250727,CAAA,CT,INDEL
chr11,108251945,AAAGGAATC,A,INDEL
chr11,108252838,GGA,G,INDEL
chr11,108253991,CTGTCTTCTGGGATTATCAGAA,CG,INDEL
chr11,108256298,T,TAAAAA,INDEL
chr11,108257598,TGTACCA,T,INDEL
chr11,108259065,GTAAAAGTTTAGTAAGTA,G,INDEL
chr11,108267334,GTACCA,G,INDEL
chr11,108268563,TTGATTCTAGCACGC,T,INDEL
chr11,108271283,ATGTT,A,INDEL
chr11,108272761,GGA,G,INDEL
chr11,108279519,TC,T,INDEL
chr11,108282852,ACTACACAAATATTGAGG,A,INDEL
chr11,108284389,CAGAGACA,C,INDEL
chr11,108287644,GTTA,G,INDEL
chr11,108289010,TC,T,INDEL
chr11,108289695,CTGTT,C,INDEL
chr11,108293339,G,GGATA,INDEL
chr11,108294983,TGAAGGACTAAAGGATCTTCGAAGA,TT,INDEL
chr11,108299754,TTTCTC,T,INDEL
chr11,108301670,GTTACCTGT,G,INDEL
chr11,108302857,TAGA,T,INDEL
chr11,108304685,AC,A,INDEL
chr11,108307969,TGAG,T,INDEL
chr11,108310286,TAAGAAAAGTATGGATGATCAAG,T,INDEL
chr11,108316060,TA,T,INDEL
chr11,108317458,TAGAAGAA,TAGTC,INDEL
chr11,108319958,GA,G,INDEL
chr11,108321330,G,A,SNP
chr11,108327657,CTAAAACT,C,INDEL
chr11,108329028,AAG,A,INDEL
chr11,108330215,TACAC,T,INDEL
chr11,108331534,G,GA,INDEL
chr11,108331960,T,TA,INDEL
chr11,108332850,CTTATA,C,INDEL
chr11,108333892,TA,T,INDEL
chr11,108334992,AAATCTGGTGACTATAC,A,INDEL
chr11,108335854,G,A,SNP
chr11,108343269,AACTGTCCCCATTGGTG,A,INDEL
chr11,108345767,G,GT,INDEL
chr11,108347306,GACA,G,INDEL
chr11,108353803,TGAGACAGTTCCTTTTA,T,INDEL
chr11,108354854,ACT,A,INDEL
chr11,108365362,GTCT,G,INDEL
chr12,25225713,T,G,SNP
chr12,25227341,T,G,SNP
chr12,25245347,C,T,SNP
chr12,56085070,G,A,SNP
chr12,57751648,G,A,SNP
chr12,112450406,G,A,SNP
chr12,112489083,G,A,SNP
chr12,120994313,G,GC,INDEL
chr13,28018505,C,A,SNP
chr14,37592129,G,T,SNP
chr14,104770406,A,T,SNP
chr14,104770769,T,A,SNP
chr14,104772908,G,GC,INDEL
chr14,104773963,G,C,SNP
chr14,104775003,C,T,SNP
chr14,104775763,G,C,SNP
chr14,104776711,G,T,SNP
chr14,104792618,T,TC,INDEL
chr15,66435117,G,T,SNP
chr15,90088702,C,T,SNP
chr16,68738315,C,T,SNP
chr16,68828204,G,A,SNP
chr17,7669655,C,CT,INDEL
chr17,7670685,GG,G,INDEL
chr17,7673240,G,A,SNP
chr17,7673802,C,T,SNP
chr17,7674230,C,A,SNP
chr17,7675088,C,T,SNP
chr17,7676382,CAGAACGTTGTTTTCAGGAAGT,C,INDEL
chr17,31235638,CTGTT,C,INDEL
chr17,31338733,CACTT,C,INDEL
chr17,39515745,A,AATACACAAAGAT,INDEL
chr17,39700281,C,T,SNP
chr17,39707050,TGCTCCGCCACCTCTACCAG,T,INDEL
chr17,39709385,G,A,SNP
chr17,39709822,G,A,SNP
chr17,39710383,GC,G,INDEL
chr17,39711955,C,A,SNP
chr17,39712401,CAAG,C,INDEL
chr17,39715294,C,A,SNP
chr17,39715878,GCT,G,INDEL
chr17,39717434,GATGAGGAGGGCGCATGCCAGCCTTGCCCC,G,INDEL
chr17,39719798,TG,T,INDEL
chr17,39723542,TGGA,T,INDEL
chr17,39723967,T,C,SNP
chr17,39724730,C,CATACGTGATGGC,INDEL
chr17,39725079,G,A,SNP
chr17,39725766,CG,C,INDEL
chr17,39726611,TG,T,INDEL
chr17,39727352,TCTCCACTGGCACCCTCCGAAGGGGCTGG,T,INDEL
chr17,43082434,G,A,SNP
chr17,43124027,ACT,A,INDEL
chr17,49619064,A,C,SNP
chr18,51065549,G,A,SNP
chr19,3110238,A,ATT,INDEL
chr19,3113334,A,G,SNP
chr19,3114989,CA,C,INDEL
chr19,3121130,TG,T,INDEL
chr19,10491905,C,A,SNP
chr2,29193460,G,A,SNP
chr2,29196823,C,T,SNP
chr2,29197575,C,T,SNP
chr2,29209798,C,T,SNP
chr2,29214027,C,T,SNP
chr2,29220829,G,T,SNP
chr2,29223444,G,A,SNP
chr2,29227669,C,T,SNP
chr2,29228926,CACCCCCTCCGAA,C,INDEL
chr2,29239766,C,T,SNP
chr2,29251115,C,T,SNP
chr2,29275101,G,A,SNP
chr2,29296995,C,G,SNP
chr2,29318345,TG,T,INDEL
chr2,29320797,T,TA,INDEL
chr2,29328379,G,T,SNP
chr2,29383830,C,T,SNP
chr2,29532024,C,T,SNP
chr2,29694870,C,T,SNP
chr2,29717663,A,G,SNP
chr2,29920118,CCTTGGCGAATCCACC,CG,INDEL
chr2,208248389,G,A,SNP
chr20,58854492,AGATCCCGACTCCGGGACAGCACCAGCC,A,INDEL
chr20,58891769,G,T,SNP
chr20,58895644,A,G,SNP
chr20,58898948,G,A,SNP
chr20,58903752,C,A,SNP
chr20,58905438,AC,A,INDEL
chr20,58909365,C,T,SNP
chr20,58910048,C,T,SNP
chr20,58910387,C,T,SNP
chr20,58910782,C,T,SNP
chr22,21772875,C,T,SNP
chr22,29604033,GCT,G,INDEL
chr22,29664999,A,AA,INDEL
chr22,29671847,C,T,SNP
chr22,29673477,CAGAG,C,INDEL
chr3,10149804,C,T,SNP
chr3,37028864,GG,G,INDEL
chr3,38141150,T,C,SNP
chr3,41224075,A,G,SNP
chr3,41224633,A,G,SNP
chr3,41225063,TCATCCCA,T,INDEL
chr3,41225731,CTAAAATGGCAGT,CA,INDEL
chr3,41233407,G,GGGA,INDEL
chr3,41234157,C,T,SNP
chr3,41235755,GTTGTACC,G,INDEL
chr3,41236462,TCTGACAGAGTTA,T,INDEL
chr3,41238068,G,A,SNP
chr3,41239208,G,A,SNP
chr3,47124027,TGA,T,INDEL
chr3,49375465,T,C,SNP
chr3,138946321,G,C,SNP
chr3,179199140,AGGCAACCGT,A,INDEL
chr3,179199822,G,A,SNP
chr3,179201476,A,T,SNP
chr3,179203765,T,A,SNP
chr3,179204576,G,T,SNP
chr3,179209674,GT,G,INDEL
chr3,179210290,AGAAGATTTGCTGAACCCTATTGGTGTTACT,A,INDEL
chr3,179218303,G,A,SNP
chr3,179219228,C,T,SNP
chr3,179219582,G,GT,INDEL
chr3,179219950,T,C,SNP
chr3,179221134,GAGA,G,INDEL
chr3,179224123,T,C,SNP
chr3,179224740,C,A,SNP
chr3,179225997,C,T,SNP
chr3,179229374,G,C,SNP
chr3,179230039,G,T,SNP
chr3,179230373,A,G,SNP
chr3,179234297,A,G,SNP
chr3,179240022,T,C,SNP
chr4,1794007,T,A,SNP
chr4,1799784,C,T,SNP
chr4,1802941,G,A,SNP
chr4,1803754,TGAGGACGC,T,INDEL
chr4,1804372,A,G,SNP
chr4,1804823,G,GGTAACA,INDEL
chr4,1805402,T,C,SNP
chr4,1806162,A,G,SNP
chr4,1806568,T,TTGGGAGATCTTGCAC,INDEL
chr4,1807221,C,CGA,INDEL
chr4,54258785,C,T,SNP
chr4,54261354,C,CA,INDEL
chr4,54263911,T,G,SNP
chr4,54267667,GCTGAAAAACAATCTGACT,G,INDEL
chr4,54270721,A,AAGCT,INDEL
chr4,54272497,G,A,SNP
chr4,54273575,A,G,SNP
chr4,54274884,GCCCAGATGGACATGA,G,INDEL
chr4,54277410,G,T,SNP
chr4,54277981,C,G,SNP
chr4,54278422,A,C,SNP
chr4,54280374,A,G,SNP
chr4,54285926,A,T,SNP
chr4,54287473,AC,A,INDEL
chr4,54289074,G,C,SNP
chr4,54290548,GAC,G,INDEL
chr4,54295233,CAT,C,INDEL
chr4,54658073,TC,T,INDEL
chr4,54695772,TTTG,T,INDEL
chr4,54698515,AG,A,INDEL
chr4,54699686,G,T,SNP
chr4,54703760,G,A,SNP
chr4,54707133,A,G,SNP
chr4,54709427,C,T,SNP
chr4,54723605,A,ACGATTTT,INDEL
chr4,54726012,C,CTGCCTT,INDEL
chr4,54727495,T,C,SNP
chr4,54728055,A,G,SNP
chr4,54729451,TATAAGA,T,INDEL
chr4,54731324,CCAG,C,INDEL
chr4,54731967,CA,C,INDEL
chr4,54733155,A,T,SNP
chr4,54736599,G,A,SNP
chr4,54737225,C,A,SNP
chr4,54738465,CAG,C,INDEL
chr4,152328233,G,A,SNP
chr5,1295229,G,A,SNP
chr5,112755023,AAGGTATC,A,INDEL
chr5,112766390,AT,A,INDEL
chr5,112767380,G,GGAGAAAGA,INDEL
chr5,112775710,AATAG,A,INDEL
chr5,112792468,AAATCG,A,INDEL
chr5,112801284,ATC,A,INDEL
chr5,112815593,G,GATGTTT,INDEL
chr5,112819174,C,CG,INDEL
chr5,112821942,AATGAAACTTTCATTTG,A,INDEL
chr5,112827121,CATTGCAGAATT,C,INDEL
chr5,112827937,ATGCTC,A,INDEL
chr5,112828863,CGAGT,C,INDEL
chr5,112835141,T,TA,INDEL
chr5,112838598,G,GG,INDEL
chr5,112839942,C,T,SNP
chr5,112843734,C,T,SNP
chr5,171410539,C,CTCTG,INDEL
chr6,117288728,C,T,SNP
chr6,117301021,G,C,SNP
chr6,117308866,G,T,SNP
chr6,117310082,ATACAT,A,INDEL
chr6,117311094,C,A,SNP
chr6,117317184,C,T,SNP
chr6,117318188,C,T,SNP
chr6,117321391,C,A,SNP
chr6,117324337,G,A,SNP
chr6,117326294,TCTGAA,T,INDEL
chr6,117329359,C,A,SNP
chr6,117337327,T,C,SNP
chr6,117341465,ATTCACTTTGTCTTAGAGGAGT,A,INDEL
chr6,117344154,C,T,SNP
chr6,117353036,C,T,SNP
chr6,117356904,CAATACAAGCGACTATAGAGGAAAA,C,INDEL
chr6,117359964,C,CAA,INDEL
chr6,117360400,CCT,C,INDEL
chr6,117362635,CT,C,INDEL
chr6,117365132,G,C,SNP
chr6,117365633,G,A,SNP
chr6,117366216,T,C,SNP
chr6,117379095,C,T,SNP
chr6,117383402,G,T,SNP
chr6,117385755,G,C,SNP
chr6,117386990,G,A,SNP
chr6,117387804,AG,A,INDEL
chr6,117389389,G,C,SNP
chr6,117394313,T,A,SNP
chr6,117396196,G,C,SNP
chr6,117403216,C,T,SNP
chr6,117404415,T,C,SNP
chr6,117409597,C,T,SNP
chr6,117416316,C,T,SNP
chr6,117418506,C,T,SNP
chr6,117425580,T,C,SNP
chr6,152098791,A,G,SNP
chr7,55019353,G,A,SNP
chr7,55142292,AAGGCACG,AC,INDEL
chr7,55143416,G,T,SNP
chr7,55146655,C,A,SNP
chr7,55151308,C,G,SNP
chr7,55152627,C,T,SNP
chr7,55155837,TGTG,T,INDEL
chr7,55156802,G,A,SNP
chr7,55157735,G,A,SNP
chr7,55160316,C,A,SNP
chr7,55161538,AG,A,INDEL
chr7,55163734,G,A,SNP
chr7,55165374,TG,T,INDEL
chr7,55170527,GCCT,G,INDEL
chr7,55171181,T,C,SNP
chr7,55174012,T,A,SNP
chr7,55174772,GGAATTAAGAGAAGCA,G,INDEL
chr7,55181378,C,T,SNP
chr7,55191822,T,G,SNP
chr7,55192784,G,A,SNP
chr7,55198789,C,T,SNP
chr7,55200351,C,T,SNP
chr7,55201223,C,T,SNP
chr7,55201765,T,C,SNP
chr7,55202527,G,A,SNP
chr7,55205525,G,A,SNP
chr7,116699692,CTTCT,C,INDEL
chr7,116731717,G,A,SNP
chr7,116739966,C,T,SNP
chr7,116740889,ATTTCCAGTCCTGCAG,A,INDEL
chr7,116755455,CTAGAGTTCTCCTTGGAAATGAGAG,CG,INDEL
chr7,116757727,G,A,SNP
chr7,116759394,TG,T,INDEL
chr7,116769789,G,C,SNP
chr7,116771624,C,T,SNP
chr7,116771990,G,A,SNP
chr7,116774940,GACATGTCCCCCA,G,INDEL
chr7,116778811,A,ATT,INDEL
chr7,116783353,G,A,SNP
chr7,116796002,CATGTGAACGCTACTT,C,INDEL
chr7,129209348,G,C,SNP
chr7,140753336,A,T,SNP
chr7,148811635,T,A,SNP
chr7,151490964,A,T,SNP
chr8,38417331,G,T,SNP
chr9,5073770,G,T,SNP
chr9,77721491,TG,T,INDEL
chr9,77728594,ATAACCGAGGAGTT,A,INDEL
chr9,77794572,T,G,SNP
chr9,77797577,C,T,SNP
chr9,77815756,TAATTGTGCATGAG,T,INDEL
chr9,77922196,T,A,SNP
chr9,78031128,GGCGTCCCGCTTGTCCCTGCGGA,G,INDEL
chr9,130872901,T,G,SNP
chr9,132902616,G,A,SNP
chr9,136496196,CAG,C,INDEL
chr9,136504893,G,GG,INDEL
chrX,45083464,AAGTT,A,INDEL
chrX,47566722,C,G,SNP
chrX,67717530,G,C,SNP
chrX,67723710,A,G,SNP
