target_id	variant_type	ref_seq	alt_seq	vaf	vaf_ci_low	vaf_ci_high	n_molecules_ref	n_molecules_alt	n_duplex_alt	n_simplex_alt	strand_bias_p	confidence	filter
chr1:299-598_INS_99bp_maxpath400	TandemDuplication	AACAGCTCAGGAGCCAGTCCCCTACGTCGCATATCCTGGCCACTGGAGGTGAAGCGAATGGTATCGATACGTAGGAGGTGTGCCTTCGTAGGCTGTTTCTCAGGACGCCCAACTATTCTTTCCAATCCTACATCTGTTTCTTGCGTCGTAGCGGGACCCTCCATTGTTACTTATTAGGTTCTCGTTATGTCTCATAATCTCAGTGCTGGTGTGATAAGCAAACCACCCTACTGGCACGAAGTTCACAGAAGTGAGATTATGTCTCGTTTGGCAGTCTTGATGCTCGGGGGACACTTCTT	AACAGCTCAGGAGCCAGTCCCCTACGTCGCATATCCTGGCCACTGGAGGTGAAGCGAATGGTATCGATACGTAGGAGGTGTGCCTTCGTAGGCTGTTTCTTCCGGCGTCACCCGATGATCAGGTGCCTAGAATCAAGCGTAAGGGCTCGTCGTCACATGTGATAATCTTCCGTGTCCAGCCAGGACGCCCAACTATTCTTTCCAATCCTACATCTGTTTCTTGCGTCGTAGCGGGACCCTCCATTGTTACTTATTAGGTTCTCGTTATGTCTCATAATCTCAGTGCTGGTGTGATAAGCAAACCACCCTACTGGCACGAAGTTCACAGAAGTGAGATTATGTCTCGTTTGGCAGTCTTGATGCTCGGGGGACACTTCTT	0.015953	0.010278	0.024780	1060	19	0	19	0.000600	1.000000	PASS
chr1:299-598_INS_99bp_maxpath400	SNV	AACAGCTCAGGAGCCAGTCCCCTACGTCGCATATCCTGGCCACTGGAGGTGAAGCGAATGGTATCGATACGTAGGAGGTGTGCCTTCGTAGGCTGTTTCTCAGGACGCCCAACTATTCTTTCCAATCCTACATCTGTTTCTTGCGTCGTAGCGGGACCCTCCATTGTTACTTATTAGGTTCTCGTTATGTCTCATAATCTCAGTGCTGGTGTGATAAGCAAACCACCCTACTGGCACGAAGTTCACAGAAGTGAGATTATGTCTCGTTTGGCAGTCTTGATGCTCGGGGGACACTTCTT	AACAGCTCAGGAGCCAGTCCCCTACGTCGCATATCCTGGCCACTGGAGGTGAAGCGAATGGTATCGATACGTAGGAGGTGTGCCTTCGTAGGCTGTTTCTCAGGACGCCCAACTATTCTTTCCAATCCTACATCTGTTTCTTGCGTCGTAGCGGGACCCTCCATTGTTACTTATTAGGTTCTCGTTATGTCTCATAATCTCAGTGCTGGTGTGATAAGCAAACCACCCTACTGGCACGAAGATCACAGAAGTGAGATTATGTCTCGTTTGGCAGTCTTGATGCTCGGGGGACACTTCTT	0.002822	0.001025	0.008218	1060	3	0	3	1.000000	0.999200	PASS
chr1:299-598_INS_99bp_maxpath400	SNV	AACAGCTCAGGAGCCAGTCCCCTACGTCGCATATCCTGGCCACTGGAGGTGAAGCGAATGGTATCGATACGTAGGAGGTGTGCCTTCGTAGGCTGTTTCTCAGGACGCCCAACTATTCTTTCCAATCCTACATCTGTTTCTTGCGTCGTAGCGGGACCCTCCATTGTTACTTATTAGGTTCTCGTTATGTCTCATAATCTCAGTGCTGGTGTGATAAGCAAACCACCCTACTGGCACGAAGTTCACAGAAGTGAGATTATGTCTCGTTTGGCAGTCTTGATGCTCGGGGGACACTTCTT	AACAGCTCAGGAGCCAGTCCCCTACGTCGCATATCCTGGCCACTGGAGGTGAAGCGAATGGTATCGATACGTAGGAGGTGTGCCTTCGTAGGCTGTTTCTCAGGACGCCCAACTATTCTTTCCAATCCTACATCTGTTTCTTGCGTCGTAGCGGGACCCTCCATTGTTACTTATTAGGTTCTCGTTATGTCTCATAATCTCAGTGCTGGTGTGATAAGCAAACCACACTACTGGCACGAAGTTCACAGAAGTGAGATTATGTCTCGTTTGGCAGTCTTGATGCTCGGGGGACACTTCTT	0.001883	0.000582	0.006780	1060	2	0	2	1.000000	0.981640	LowConfidence
chr1:299-598_INS_99bp_maxpath400	SNV	AACAGCTCAGGAGCCAGTCCCCTACGTCGCATATCCTGGCCACTGGAGGTGAAGCGAATGGTATCGATACGTAGGAGGTGTGCCTTCGTAGGCTGTTTCTCAGGACGCCCAACTATTCTTTCCAATCCTACATCTGTTTCTTGCGTCGTAGCGGGACCCTCCATTGTTACTTATTAGGTTCTCGTTATGTCTCATAATCTCAGTGCTGGTGTGATAAGCAAACCACCCTACTGGCACGAAGTTCACAGAAGTGAGATTATGTCTCGTTTGGCAGTCTTGATGCTCGGGGGACACTTCTT	AACAGCTCAGGAGCCAGTCCCCTACGTCGCATATCCTGGCCACTGGAGGTGAAGCGAATGGTATCGATACGTAGGAGGTGTGCCTTCGTAGGCTGTTTCTCAGGACGCCCAACTATTCTTTCCAATCCTACATCTGTTTCTTGCGTCGTAGCGGGACCCTCCATTGTTACTTATTAGGTTCTCGTTATGTCTCATAATCTCAGTGCTGGTGTGATAAGCAAACCACCCTACTGGCACGAAGCTCACAGAAGTGAGATTATGTCTCGTTTGGCAGTCTTGATGCTCGGGGGACACTTCTT	0.001883	0.000582	0.006780	1060	2	0	2	0.118986	0.981640	LowConfidence
chr1:299-598_INS_99bp_maxpath400	SNV	AACAGCTCAGGAGCCAGTCCCCTACGTCGCATATCCTGGCCACTGGAGGTGAAGCGAATGGTATCGATACGTAGGAGGTGTGCCTTCGTAGGCTGTTTCTCAGGACGCCCAACTATTCTTTCCAATCCTACATCTGTTTCTTGCGTCGTAGCGGGACCCTCCATTGTTACTTATTAGGTTCTCGTTATGTCTCATAATCTCAGTGCTGGTGTGATAAGCAAACCACCCTACTGGCACGAAGTTCACAGAAGTGAGATTATGTCTCGTTTGGCAGTCTTGATGCTCGGGGGACACTTCTT	AACAGCTCAGGAGCCAGTCCCCTACGTCGCATATCCTGGCCACTGGAGGTGAAGCGAATGGTATCGATACGTAGGAGGTGTGCCTTCGTAGGCTGTTTCTCAGGACGCCCAACTATTCTTTCCAATCCTACATCTGTTTCTTGCGTCGTAGCGGGACCCTCCATTGTTACTTATTAGGTTCTCGTTATGTCTCATAATCTCAGTGCTGGTGTGATAAGCAAACCACCCTACTGGCACGAAGTTCCCAGAAGTGAGATTATGTCTCGTTTGGCAGTCTTGATGCTCGGGGGACACTTCTT	0.001883	0.000582	0.006780	1060	2	0	2	0.548656	0.981640	LowConfidence
chr1:299-598_INS_99bp_maxpath400	SNV	AACAGCTCAGGAGCCAGTCCCCTACGTCGCATATCCTGGCCACTGGAGGTGAAGCGAATGGTATCGATACGTAGGAGGTGTGCCTTCGTAGGCTGTTTCTCAGGACGCCCAACTATTCTTTCCAATCCTACATCTGTTTCTTGCGTCGTAGCGGGACCCTCCATTGTTACTTATTAGGTTCTCGTTATGTCTCATAATCTCAGTGCTGGTGTGATAAGCAAACCACCCTACTGGCACGAAGTTCACAGAAGTGAGATTATGTCTCGTTTGGCAGTCTTGATGCTCGGGGGACACTTCTT	AACAGCTCAGGAGCCAGTCCCCTACGTCGCATATCCTGGCCACTGGAGGTGAAGCGAATGGTATCGATACGTAGGAGGTGTGCCTTCGTAGGCTGTTTCTCAGGACGCCCAACTATTCTTTCCAATCCAACATCTGTTTCTTGCGTCGTAGCGGGACCCTCCATTGTTACTTATTAGGTTCTCGTTATGTCTCATAATCTCAGTGCTGGTGTGATAAGCAAACCACCCTACTGGCACGAAGTTCACAGAAGTGAGATTATGTCTCGTTTGGCAGTCTTGATGCTCGGGGGACACTTCTT	0.000943	0.000228	0.005235	1060	1	0	1	0.344627	0.794105	LowConfidence
chr1:299-598_INS_99bp_maxpath400	SNV	AACAGCTCAGGAGCCAGTCCCCTACGTCGCATATCCTGGCCACTGGAGGTGAAGCGAATGGTATCGATACGTAGGAGGTGTGCCTTCGTAGGCTGTTTCTCAGGACGCCCAACTATTCTTTCCAATCCTACATCTGTTTCTTGCGTCGTAGCGGGACCCTCCATTGTTACTTATTAGGTTCTCGTTATGTCTCATAATCTCAGTGCTGGTGTGATAAGCAAACCACCCTACTGGCACGAAGTTCACAGAAGTGAGATTATGTCTCGTTTGGCAGTCTTGATGCTCGGGGGACACTTCTT	AACAGCTCAGGAGCCAGTCCCCTACGTCGCATATCCTGGCCACTGGAGGTGAAGCGAATGGTATCGATACGTAGGAGGTGTGCCTTCGTAGGCTGTTTCTCAGGACGCCCAACTATTCTTTCCAATCCTACATCTGTTTCTTGCGTCGTAGCGGGACCCTCCATTGTTACTTATTAGGTTCTCGTTATGTCTCATAATCTCAGTGCTGGTGTGATAAGCAAATCACCCTACTGGCACGAAGTTCACAGAAGTGAGATTATGTCTCGTTTGGCAGTCTTGATGCTCGGGGGACACTTCTT	0.000943	0.000228	0.005235	1060	1	0	1	1.000000	0.794105	LowConfidence
chr1:299-598_INS_99bp_maxpath400	SNV	AACAGCTCAGGAGCCAGTCCCCTACGTCGCATATCCTGGCCACTGGAGGTGAAGCGAATGGTATCGATACGTAGGAGGTGTGCCTTCGTAGGCTGTTTCTCAGGACGCCCAACTATTCTTTCCAATCCTACATCTGTTTCTTGCGTCGTAGCGGGACCCTCCATTGTTACTTATTAGGTTCTCGTTATGTCTCATAATCTCAGTGCTGGTGTGATAAGCAAACCACCCTACTGGCACGAAGTTCACAGAAGTGAGATTATGTCTCGTTTGGCAGTCTTGATGCTCGGGGGACACTTCTT	AACAGCTCAGGAGCCAGTCCCCTACGTCGCATATCCTGGCCACTGGAGGTGAAGCGAATGGTATCGATACGTAGGAGGTGTGCCTTCGTAGGCTGTTTCTCAGGACGCCCAACTATTCTTTCCAATCCTACATCTGTTTCTTGCGTCGTAGCGGGACCCTCCATTGTTACTTATTAGGTTCTCGTTATGTCTCATAATCTCAGTGCTGGTGTGATAAGCAAACCTCCCTACTGGCACGAAGTTCACAGAAGTGAGATTATGTCTCGTTTGGCAGTCTTGATGCTCGGGGGACACTTCTT	0.000943	0.000228	0.005235	1060	1	0	1	0.344627	0.794105	LowConfidence
chr1:299-598_INS_99bp_maxpath400	SNV	AACAGCTCAGGAGCCAGTCCCCTACGTCGCATATCCTGGCCACTGGAGGTGAAGCGAATGGTATCGATACGTAGGAGGTGTGCCTTCGTAGGCTGTTTCTCAGGACGCCCAACTATTCTTTCCAATCCTACATCTGTTTCTTGCGTCGTAGCGGGACCCTCCATTGTTACTTATTAGGTTCTCGTTATGTCTCATAATCTCAGTGCTGGTGTGATAAGCAAACCACCCTACTGGCACGAAGTTCACAGAAGTGAGATTATGTCTCGTTTGGCAGTCTTGATGCTCGGGGGACACTTCTT	AACAGCTCAGGAGCCAGTCCCCTACGTCGCATATCCTGGCCACTGGAGGTGAAGCGAATGGTATCGATACGTAGGAGGTGTGCCTTCGTAGGCTGTTTCTCAGGACGCCCAACTATTCTTTCCAATCCTACATCTGTTTCTTGCGTCGTAGCGGGACCCTCCATTGTTACTTATTAGGTTCTCGTTATGTCTCATAATCTCAGTGCTGGTGTGATAAGCAAACGACCCTACTGGCACGAAGTTCACAGAAGTGAGATTATGTCTCGTTTGGCAGTCTTGATGCTCGGGGGACACTTCTT	0.000943	0.000228	0.005235	1060	1	0	1	0.344627	0.794105	LowConfidence
chr1:299-598_INS_99bp_maxpath400	SNV	AACAGCTCAGGAGCCAGTCCCCTACGTCGCATATCCTGGCCACTGGAGGTGAAGCGAATGGTATCGATACGTAGGAGGTGTGCCTTCGTAGGCTGTTTCTCAGGACGCCCAACTATTCTTTCCAATCCTACATCTGTTTCTTGCGTCGTAGCGGGACCCTCCATTGTTACTTATTAGGTTCTCGTTATGTCTCATAATCTCAGTGCTGGTGTGATAAGCAAACCACCCTACTGGCACGAAGTTCACAGAAGTGAGATTATGTCTCGTTTGGCAGTCTTGATGCTCGGGGGACACTTCTT	AACAGCTCAGGAGCCAGTCCCCTACGTCGCATATCCTGGCCACTGGAGGTGAAGCGAATGGTATCGATACGTAGGAGGTGTGCCTTCGTAGGCTGTTTCTCAGGACGCCCAACTATTCTTTCCAATCCTACATCTGTTTCTTGCGTCGTAGCGGGACCCTCCATTGTTACTTATTAGGTTCTCGTTATGTCTCATAATCTCAGTGCTGGTGTGATAAGCAAACCATCCTACTGGCACGAAGTTCACAGAAGTGAGATTATGTCTCGTTTGGCAGTCTTGATGCTCGGGGGACACTTCTT	0.000943	0.000228	0.005235	1060	1	0	1	0.344627	0.794105	LowConfidence
chr1:299-598_INS_99bp_maxpath400	SNV	AACAGCTCAGGAGCCAGTCCCCTACGTCGCATATCCTGGCCACTGGAGGTGAAGCGAATGGTATCGATACGTAGGAGGTGTGCCTTCGTAGGCTGTTTCTCAGGACGCCCAACTATTCTTTCCAATCCTACATCTGTTTCTTGCGTCGTAGCGGGACCCTCCATTGTTACTTATTAGGTTCTCGTTATGTCTCATAATCTCAGTGCTGGTGTGATAAGCAAACCACCCTACTGGCACGAAGTTCACAGAAGTGAGATTATGTCTCGTTTGGCAGTCTTGATGCTCGGGGGACACTTCTT	AACAGCTCAGGAGCCAGTCCCCTACGTCGCATATCCTGGCCACTGGAGGTGAAGCGAATGGTATCGATACGTAGGAGGTGTGCCTTCGTAGGCTGTTTCTCAGGACGCCCAACTATTCTTTCCAATCCTACATCTGTTTCTTGCGTCGTAGCGGGACCCTCCATTGTTACTTATTAGGTTCTCGTTATGTCTCATAATCTCAGTGCTGGTGTGATAAGCAAACCACCATACTGGCACGAAGTTCACAGAAGTGAGATTATGTCTCGTTTGGCAGTCTTGATGCTCGGGGGACACTTCTT	0.000943	0.000228	0.005235	1060	1	0	1	1.000000	0.794105	LowConfidence
chr1:299-598_INS_99bp_maxpath400	SNV	AACAGCTCAGGAGCCAGTCCCCTACGTCGCATATCCTGGCCACTGGAGGTGAAGCGAATGGTATCGATACGTAGGAGGTGTGCCTTCGTAGGCTGTTTCTCAGGACGCCCAACTATTCTTTCCAATCCTACATCTGTTTCTTGCGTCGTAGCGGGACCCTCCATTGTTACTTATTAGGTTCTCGTTATGTCTCATAATCTCAGTGCTGGTGTGATAAGCAAACCACCCTACTGGCACGAAGTTCACAGAAGTGAGATTATGTCTCGTTTGGCAGTCTTGATGCTCGGGGGACACTTCTT	AACAGCTCAGGAGCCAGTCCCCTACGTCGCATATCCTGGCCACTGGAGGTGAAGCGAATGGTATCGATACGTAGGAGGTGTGCCTTCGTAGGCTGTTTCTCAGGACGCCCAACTATTCTTTCCAATCCTACATCTGTTTCTTGCGTCGTAGCGGGACCCTCCATTGTTACTTATTAGGTTCTCGTTATGTCTCATAATCTCAGTGCTGGTGTGATAAGCAAACCACCCCACTGGCACGAAGTTCACAGAAGTGAGATTATGTCTCGTTTGGCAGTCTTGATGCTCGGGGGACACTTCTT	0.000943	0.000228	0.005235	1060	1	0	1	1.000000	0.794105	LowConfidence
chr1:299-598_INS_99bp_maxpath400	SNV	AACAGCTCAGGAGCCAGTCCCCTACGTCGCATATCCTGGCCACTGGAGGTGAAGCGAATGGTATCGATACGTAGGAGGTGTGCCTTCGTAGGCTGTTTCTCAGGACGCCCAACTATTCTTTCCAATCCTACATCTGTTTCTTGCGTCGTAGCGGGACCCTCCATTGTTACTTATTAGGTTCTCGTTATGTCTCATAATCTCAGTGCTGGTGTGATAAGCAAACCACCCTACTGGCACGAAGTTCACAGAAGTGAGATTATGTCTCGTTTGGCAGTCTTGATGCTCGGGGGACACTTCTT	AACAGCTCAGGAGCCAGTCCCCTACGTCGCATATCCTGGCCACTGGAGGTGAAGCGAATGGTATCGATACGTAGGAGGTGTGCCTTCGTAGGCTGTTTCTCAGGACGCCCAACTATTCTTTCCAATCCTACATCTGTTTCTTGCGTCGTAGCGGGACCCTCCATTGTTACTTATTAGGTTCTCGTTATGTCTCATAATCTCAGTGCTGGTGTGATAAGCAAACCACCCGACTGGCACGAAGTTCACAGAAGTGAGATTATGTCTCGTTTGGCAGTCTTGATGCTCGGGGGACACTTCTT	0.000943	0.000228	0.005235	1060	1	0	1	0.344627	0.794105	LowConfidence
chr1:299-598_INS_99bp_maxpath400	SNV	AACAGCTCAGGAGCCAGTCCCCTACGTCGCATATCCTGGCCACTGGAGGTGAAGCGAATGGTATCGATACGTAGGAGGTGTGCCTTCGTAGGCTGTTTCTCAGGACGCCCAACTATTCTTTCCAATCCTACATCTGTTTCTTGCGTCGTAGCGGGACCCTCCATTGTTACTTATTAGGTTCTCGTTATGTCTCATAATCTCAGTGCTGGTGTGATAAGCAAACCACCCTACTGGCACGAAGTTCACAGAAGTGAGATTATGTCTCGTTTGGCAGTCTTGATGCTCGGGGGACACTTCTT	AACAGCTCAGGAGCCAGTCCCCTACGTCGCATATCCTGGCCACTGGAGGTGAAGCGAATGGTATCGATACGTAGGAGGTGTGCCTTCGTAGGCTGTTTCTCAGGACGCCCAACTATTCTTTCCAATCCTACATCTGTTTCTTGCGTCGTAGCGGGACCCTCCATTGTTACTTATTAGGTTCTCGTTATGTCTCATAATCTCAGTGCTGGTGTGATAAGCAAACCACCCTGCTGGCACGAAGTTCACAGAAGTGAGATTATGTCTCGTTTGGCAGTCTTGATGCTCGGGGGACACTTCTT	0.000943	0.000228	0.005235	1060	1	0	1	0.344627	0.794105	LowConfidence
chr1:299-598_INS_99bp_maxpath400	SNV	AACAGCTCAGGAGCCAGTCCCCTACGTCGCATATCCTGGCCACTGGAGGTGAAGCGAATGGTATCGATACGTAGGAGGTGTGCCTTCGTAGGCTGTTTCTCAGGACGCCCAACTATTCTTTCCAATCCTACATCTGTTTCTTGCGTCGTAGCGGGACCCTCCATTGTTACTTATTAGGTTCTCGTTATGTCTCATAATCTCAGTGCTGGTGTGATAAGCAAACCACCCTACTGGCACGAAGTTCACAGAAGTGAGATTATGTCTCGTTTGGCAGTCTTGATGCTCGGGGGACACTTCTT	AACAGCTCAGGAGCCAGTCCCCTACGTCGCATATCCTGGCCACTGGAGGTGAAGCGAATGGTATCGATACGTAGGAGGTGTGCCTTCGTAGGCTGTTTCTCAGGACGCCCAACTATTCTTTCCAATCCTACATCTGTTTCTTGCGTCGTAGCGGGACCCTCCATTGTTACTTATTAGGTTCTCGTTATGTCTCATAATCTCAGTGCTGGTGTGATAAGCAAACCACCCTACCGGCACGAAGTTCACAGAAGTGAGATTATGTCTCGTTTGGCAGTCTTGATGCTCGGGGGACACTTCTT	0.000943	0.000228	0.005235	1060	1	0	1	1.000000	0.794105	LowConfidence
chr1:299-598_INS_99bp_maxpath400	SNV	AACAGCTCAGGAGCCAGTCCCCTACGTCGCATATCCTGGCCACTGGAGGTGAAGCGAATGGTATCGATACGTAGGAGGTGTGCCTTCGTAGGCTGTTTCTCAGGACGCCCAACTATTCTTTCCAATCCTACATCTGTTTCTTGCGTCGTAGCGGGACCCTCCATTGTTACTTATTAGGTTCTCGTTATGTCTCATAATCTCAGTGCTGGTGTGATAAGCAAACCACCCTACTGGCACGAAGTTCACAGAAGTGAGATTATGTCTCGTTTGGCAGTCTTGATGCTCGGGGGACACTTCTT	AACAGCTCAGGAGCCAGTCCCCTACGTCGCATATCCTGGCCACTGGAGGTGAAGCGAATGGTATCGATACGTAGGAGGTGTGCCTTCGTAGGCTGTTTCTCAGGACGCCCAACTATTCTTTCCAATCCTACATCTGTTTCTTGCGTCGTAGCGGGACCCTCCATTGTTACTTATTAGGTTCTCGTTATGTCTCATAATCTCAGTGCTGGTGTGATAAGCAAACCACCCTACAGGCACGAAGTTCACAGAAGTGAGATTATGTCTCGTTTGGCAGTCTTGATGCTCGGGGGACACTTCTT	0.000943	0.000228	0.005235	1060	1	0	1	1.000000	0.794105	LowConfidence
chr1:299-598_INS_99bp_maxpath400	SNV	AACAGCTCAGGAGCCAGTCCCCTACGTCGCATATCCTGGCCACTGGAGGTGAAGCGAATGGTATCGATACGTAGGAGGTGTGCCTTCGTAGGCTGTTTCTCAGGACGCCCAACTATTCTTTCCAATCCTACATCTGTTTCTTGCGTCGTAGCGGGACCCTCCATTGTTACTTATTAGGTTCTCGTTATGTCTCATAATCTCAGTGCTGGTGTGATAAGCAAACCACCCTACTGGCACGAAGTTCACAGAAGTGAGATTATGTCTCGTTTGGCAGTCTTGATGCTCGGGGGACACTTCTT	AACAGCTCAGGAGCCAGTCCCCTACGTCGCATATCCTGGCCACTGGAGGTGAAGCGAATGGTATCGATACGTAGGAGGTGTGCCTTCGTAGGCTGTTTCTCAGGACGCCCAACTATTCTTTCCAATCCTACATCTGTTTCTTGCGTCGTAGCGGGACCCTCCATTGTTACTTATTAGGTTCTCGTTATGTCTCATAATCTCAGTGCTGGTGTGATAAGCAAACCACCCTACTTGCACGAAGTTCACAGAAGTGAGATTATGTCTCGTTTGGCAGTCTTGATGCTCGGGGGACACTTCTT	0.000943	0.000228	0.005235	1060	1	0	1	1.000000	0.794105	LowConfidence
chr1:299-598_INS_99bp_maxpath400	SNV	AACAGCTCAGGAGCCAGTCCCCTACGTCGCATATCCTGGCCACTGGAGGTGAAGCGAATGGTATCGATACGTAGGAGGTGTGCCTTCGTAGGCTGTTTCTCAGGACGCCCAACTATTCTTTCCAATCCTACATCTGTTTCTTGCGTCGTAGCGGGACCCTCCATTGTTACTTATTAGGTTCTCGTTATGTCTCATAATCTCAGTGCTGGTGTGATAAGCAAACCACCCTACTGGCACGAAGTTCACAGAAGTGAGATTATGTCTCGTTTGGCAGTCTTGATGCTCGGGGGACACTTCTT	AACAGCTCAGGAGCCAGTCCCCTACGTCGCATATCCTGGCCACTGGAGGTGAAGCGAATGGTATCGATACGTAGGAGGTGTGCCTTCGTAGGCTGTTTCTCAGGACGCCCAACTATTCTTTCCAATCCTACATCTGTTTCTTGCGTCGTAGCGGGACCCTCCATTGTTACTTATTAGGTTCTCGTTATGTCTCATAATCTCAGTGCTGGTGTGATAAGCAAACCACCCTACTGGCACGTAGTTCACAGAAGTGAGATTATGTCTCGTTTGGCAGTCTTGATGCTCGGGGGACACTTCTT	0.000943	0.000228	0.005235	1060	1	0	1	0.344627	0.794105	LowConfidence
chr1:299-598_INS_99bp_maxpath400	SNV	AACAGCTCAGGAGCCAGTCCCCTACGTCGCATATCCTGGCCACTGGAGGTGAAGCGAATGGTATCGATACGTAGGAGGTGTGCCTTCGTAGGCTGTTTCTCAGGACGCCCAACTATTCTTTCCAATCCTACATCTGTTTCTTGCGTCGTAGCGGGACCCTCCATTGTTACTTATTAGGTTCTCGTTATGTCTCATAATCTCAGTGCTGGTGTGATAAGCAAACCACCCTACTGGCACGAAGTTCACAGAAGTGAGATTATGTCTCGTTTGGCAGTCTTGATGCTCGGGGGACACTTCTT	AACAGCTCAGGAGCCAGTCCCCTACGTCGCATATCCTGGCCACTGGAGGTGAAGCGAATGGTATCGATACGTAGGAGGTGTGCCTTCGTAGGCTGTTTCTCAGGACGCCCAACTATTCTTTCCAATCCTACATCTGTTTCTTGCGTCGTAGCGGGACCCTCCATTGTTACTTATTAGGTTCTCGTTATGTCTCATAATCTCAGTGCTGGTGTGATAAGCAAACCACCCTACTGGCACGATGTTCACAGAAGTGAGATTATGTCTCGTTTGGCAGTCTTGATGCTCGGGGGACACTTCTT	0.000943	0.000228	0.005235	1060	1	0	1	0.344627	0.794105	LowConfidence
chr1:299-598_INS_99bp_maxpath400	SNV	AACAGCTCAGGAGCCAGTCCCCTACGTCGCATATCCTGGCCACTGGAGGTGAAGCGAATGGTATCGATACGTAGGAGGTGTGCCTTCGTAGGCTGTTTCTCAGGACGCCCAACTATTCTTTCCAATCCTACATCTGTTTCTTGCGTCGTAGCGGGACCCTCCATTGTTACTTATTAGGTTCTCGTTATGTCTCATAATCTCAGTGCTGGTGTGATAAGCAAACCACCCTACTGGCACGAAGTTCACAGAAGTGAGATTATGTCTCGTTTGGCAGTCTTGATGCTCGGGGGACACTTCTT	AACAGCTCAGGAGCCAGTCCCCTACGTCGCATATCCTGGCCACTGGAGGTGAAGCGAATGGTATCGATACGTAGGAGGTGTGCCTTCGTAGGCTGTTTCTCAGGACGCCCAACTATTCTTTCCAATCCTACATCTGTTTCTTGCGTCGTAGCGGGACCCTCCATTGTTACTTATTAGGTTCTCGTTATGTCTCATAATCTCAGTGCTGGTGTGATAAGCAAACCACCCTACTGGCACGACGTTCACAGAAGTGAGATTATGTCTCGTTTGGCAGTCTTGATGCTCGGGGGACACTTCTT	0.000943	0.000228	0.005235	1060	1	0	1	1.000000	0.794105	LowConfidence
chr1:299-598_INS_99bp_maxpath400	SNV	AACAGCTCAGGAGCCAGTCCCCTACGTCGCATATCCTGGCCACTGGAGGTGAAGCGAATGGTATCGATACGTAGGAGGTGTGCCTTCGTAGGCTGTTTCTCAGGACGCCCAACTATTCTTTCCAATCCTACATCTGTTTCTTGCGTCGTAGCGGGACCCTCCATTGTTACTTATTAGGTTCTCGTTATGTCTCATAATCTCAGTGCTGGTGTGATAAGCAAACCACCCTACTGGCACGAAGTTCACAGAAGTGAGATTATGTCTCGTTTGGCAGTCTTGATGCTCGGGGGACACTTCTT	AACAGCTCAGGAGCCAGTCCCCTACGTCGCATATCCTGGCCACTGGAGGTGAAGCGAATGGTATCGATACGTAGGAGGTGTGCCTTCGTAGGCTGTTTCTCAGGACGCCCAACTATTCTTTCCAATCCTACATCTGTTTCTTGCGTCGTAGCGGGACCCTCCATTGTTACTTATTAGGTTCTCGTTATGTCTCATAATCTCAGTGCTGGTGTGATAAGCAAACCACCCTACTGGCACGAAGTGCACAGAAGTGAGATTATGTCTCGTTTGGCAGTCTTGATGCTCGGGGGACACTTCTT	0.000943	0.000228	0.005235	1060	1	0	1	1.000000	0.794105	LowConfidence
chr1:299-598_INS_99bp_maxpath400	SNV	AACAGCTCAGGAGCCAGTCCCCTACGTCGCATATCCTGGCCACTGGAGGTGAAGCGAATGGTATCGATACGTAGGAGGTGTGCCTTCGTAGGCTGTTTCTCAGGACGCCCAACTATTCTTTCCAATCCTACATCTGTTTCTTGCGTCGTAGCGGGACCCTCCATTGTTACTTATTAGGTTCTCGTTATGTCTCATAATCTCAGTGCTGGTGTGATAAGCAAACCACCCTACTGGCACGAAGTTCACAGAAGTGAGATTATGTCTCGTTTGGCAGTCTTGATGCTCGGGGGACACTTCTT	AACAGCTCAGGAGCCAGTCCCCTACGTCGCATATCCTGGCCACTGGAGGTGAAGCGAATGGTATCGATACGTAGGAGGTGTGCCTTCGTAGGCTGTTTCTCAGGACGCCCAACTATTCTTTCCAATCCTACATCTGTTTCTTGCGTCGTAGCGGGACCCTCCATTGTTACTTATTAGGTTCTCGTTATGTCTCATAATCTCAGTGCTGGTGTGATAAGCAAACCACCCTACTGGCACGAAGTTAACAGAAGTGAGATTATGTCTCGTTTGGCAGTCTTGATGCTCGGGGGACACTTCTT	0.000943	0.000228	0.005235	1060	1	0	1	0.344627	0.794105	LowConfidence
chr1:299-598_INS_99bp_maxpath400	SNV	AACAGCTCAGGAGCCAGTCCCCTACGTCGCATATCCTGGCCACTGGAGGTGAAGCGAATGGTATCGATACGTAGGAGGTGTGCCTTCGTAGGCTGTTTCTCAGGACGCCCAACTATTCTTTCCAATCCTACATCTGTTTCTTGCGTCGTAGCGGGACCCTCCATTGTTACTTATTAGGTTCTCGTTATGTCTCATAATCTCAGTGCTGGTGTGATAAGCAAACCACCCTACTGGCACGAAGTTCACAGAAGTGAGATTATGTCTCGTTTGGCAGTCTTGATGCTCGGGGGACACTTCTT	AACAGCTCAGGAGCCAGTCCCCTACGTCGCATATCCTGGCCACTGGAGGTGAAGCGAATGGTATCGATACGTAGGAGGTGTGCCTTCGTAGGCTGTTTCTCAGGACGCCCAACTATTCTTTCCAATCCTACATCTGTTTCTTGCGTCGTAGCGGGACCCTCCATTGTTACTTATTAGGTTCTCGTTATGTCTCATAATCTCAGTGCTGGTGTGATAAGCAAACCACCCTACTGGCACGAAGTTCGCAGAAGTGAGATTATGTCTCGTTTGGCAGTCTTGATGCTCGGGGGACACTTCTT	0.000943	0.000228	0.005235	1060	1	0	1	1.000000	0.794105	LowConfidence
chr1:299-598_INS_99bp_maxpath400	SNV	AACAGCTCAGGAGCCAGTCCCCTACGTCGCATATCCTGGCCACTGGAGGTGAAGCGAATGGTATCGATACGTAGGAGGTGTGCCTTCGTAGGCTGTTTCTCAGGACGCCCAACTATTCTTTCCAATCCTACATCTGTTTCTTGCGTCGTAGCGGGACCCTCCATTGTTACTTATTAGGTTCTCGTTATGTCTCATAATCTCAGTGCTGGTGTGATAAGCAAACCACCCTACTGGCACGAAGTTCACAGAAGTGAGATTATGTCTCGTTTGGCAGTCTTGATGCTCGGGGGACACTTCTT	AACAGCTCAGGAGCCAGTCCCCTACGTCGCATATCCTGGCCACTGGAGGTGAAGCGAATGGTATCGATACGTAGGAGGTGTGCCTTCGTAGGCTGTTTCTCAGGACGCCCAACTATTCTTTCCAATCCTACATCTGTTTCTTGCGTCGTAGCGGGACCCTCCATTGTTACTTATTAGGTTCTCGTTATGTCTCATAATCTCAGTGCTGGTGTGATAAGCAAACCACCCTACTGGCACGAAGTTCATAGAAGTGAGATTATGTCTCGTTTGGCAGTCTTGATGCTCGGGGGACACTTCTT	0.000943	0.000228	0.005235	1060	1	0	1	0.344627	0.794105	LowConfidence
chr1:299-598_INS_99bp_maxpath400	SNV	AACAGCTCAGGAGCCAGTCCCCTACGTCGCATATCCTGGCCACTGGAGGTGAAGCGAATGGTATCGATACGTAGGAGGTGTGCCTTCGTAGGCTGTTTCTCAGGACGCCCAACTATTCTTTCCAATCCTACATCTGTTTCTTGCGTCGTAGCGGGACCCTCCATTGTTACTTATTAGGTTCTCGTTATGTCTCATAATCTCAGTGCTGGTGTGATAAGCAAACCACCCTACTGGCACGAAGTTCACAGAAGTGAGATTATGTCTCGTTTGGCAGTCTTGATGCTCGGGGGACACTTCTT	AACAGCTCAGGAGCCAGTCCCCTACGTCGCATATCCTGGCCACTGGAGGTGAAGCGAATGGTATCGATACGTAGGAGGTGTGCCTTCGTAGGCTGTTTCTCAGGACGCCCAACTATTCTTTCCAATCCTACATCTGTTTCTTGCGTCGTAGCGGGACCCTCCATTGTTACTTATTAGGTTCTCGTTATGTCTCATAATCTCAGTGCTGGTGTGATAAGCAAACCACCCTACTGGCACGAAGTTCACGGAAGTGAGATTATGTCTCGTTTGGCAGTCTTGATGCTCGGGGGACACTTCTT	0.000943	0.000228	0.005235	1060	1	0	1	1.000000	0.794105	LowConfidence
chr1:299-598_INS_99bp_maxpath400	SNV	AACAGCTCAGGAGCCAGTCCCCTACGTCGCATATCCTGGCCACTGGAGGTGAAGCGAATGGTATCGATACGTAGGAGGTGTGCCTTCGTAGGCTGTTTCTCAGGACGCCCAACTATTCTTTCCAATCCTACATCTGTTTCTTGCGTCGTAGCGGGACCCTCCATTGTTACTTATTAGGTTCTCGTTATGTCTCATAATCTCAGTGCTGGTGTGATAAGCAAACCACCCTACTGGCACGAAGTTCACAGAAGTGAGATTATGTCTCGTTTGGCAGTCTTGATGCTCGGGGGACACTTCTT	AACAGCTCAGGAGCCAGTCCCCTACGTCGCATATCCTGGCCACTGGAGGTGAAGCGAATGGTATCGATACGTAGGAGGTGTGCCTTCGTAGGCTGTTTCTCAGGACGCCCAACTATTCTTTCCAATCCTACATCTGTTTCTTGCGTCGTAGCGGGACCCTCCATTGTTACTTATTAGGTTCTCGTTATGTCTCATAATCTCAGTGCTGGTGTGATAAGCAAACCACCCTACTGGCACGAAGTTCACAAAAGTGAGATTATGTCTCGTTTGGCAGTCTTGATGCTCGGGGGACACTTCTT	0.000943	0.000228	0.005235	1060	1	0	1	1.000000	0.794105	LowConfidence
chr1:299-598_INS_99bp_maxpath400	SNV	AACAGCTCAGGAGCCAGTCCCCTACGTCGCATATCCTGGCCACTGGAGGTGAAGCGAATGGTATCGATACGTAGGAGGTGTGCCTTCGTAGGCTGTTTCTCAGGACGCCCAACTATTCTTTCCAATCCTACATCTGTTTCTTGCGTCGTAGCGGGACCCTCCATTGTTACTTATTAGGTTCTCGTTATGTCTCATAATCTCAGTGCTGGTGTGATAAGCAAACCACCCTACTGGCACGAAGTTCACAGAAGTGAGATTATGTCTCGTTTGGCAGTCTTGATGCTCGGGGGACACTTCTT	AACAGCTCAGGAGCCAGTCCCCTACGTCGCATATCCTGGCCACTGGAGGTGAAGCGAATGGTATCGATACGTAGGAGGTGTGCCTTCGTAGGCTGTTTCTCAGGACGCCCAACTATTCTTTCCAATCCTACATCTGTTTCTTGCGTCGTAGCGGGACCCTCCATTGTTACTTATTAGGTTCTCGTTATGTCTCATAATCTCAGTGCTGGTGTGATAAGCAAACCACCCTACTGGCACGAAGTTCACATAAGTGAGATTATGTCTCGTTTGGCAGTCTTGATGCTCGGGGGACACTTCTT	0.000943	0.000228	0.005235	1060	1	0	1	0.344627	0.794105	LowConfidence
chr1:299-598_INS_99bp_maxpath400	SNV	AACAGCTCAGGAGCCAGTCCCCTACGTCGCATATCCTGGCCACTGGAGGTGAAGCGAATGGTATCGATACGTAGGAGGTGTGCCTTCGTAGGCTGTTTCTCAGGACGCCCAACTATTCTTTCCAATCCTACATCTGTTTCTTGCGTCGTAGCGGGACCCTCCATTGTTACTTATTAGGTTCTCGTTATGTCTCATAATCTCAGTGCTGGTGTGATAAGCAAACCACCCTACTGGCACGAAGTTCACAGAAGTGAGATTATGTCTCGTTTGGCAGTCTTGATGCTCGGGGGACACTTCTT	AACAGCTCAGGAGCCAGTCCCCTACGTCGCATATCCTGGCCACTGGAGGTGAAGCGAATGGTATCGATACGTAGGAGGTGTGCCTTCGTAGGCTGTTTCTCAGGACGCCCAACTATTCTTTCCAATCCTACATCTGTTTCTTGCGTCGTAGCGGGACCCTCCATTGTTACTTATTAGGTTCTCGTTATGTCTCATAATCTCAGTGCTGGTGTGATAAGCAAACCACCCTACTGGCACGAAGTTCACAGATGTGAGATTATGTCTCGTTTGGCAGTCTTGATGCTCGGGGGACACTTCTT	0.000943	0.000228	0.005235	1060	1	0	1	0.344627	0.794105	LowConfidence
chr1:299-598_INS_99bp_maxpath400	SNV	AACAGCTCAGGAGCCAGTCCCCTACGTCGCATATCCTGGCCACTGGAGGTGAAGCGAATGGTATCGATACGTAGGAGGTGTGCCTTCGTAGGCTGTTTCTCAGGACGCCCAACTATTCTTTCCAATCCTACATCTGTTTCTTGCGTCGTAGCGGGACCCTCCATTGTTACTTATTAGGTTCTCGTTATGTCTCATAATCTCAGTGCTGGTGTGATAAGCAAACCACCCTACTGGCACGAAGTTCACAGAAGTGAGATTATGTCTCGTTTGGCAGTCTTGATGCTCGGGGGACACTTCTT	AACAGCTCAGGAGCCAGTCCCCTACGTCGCATATCCTGGCCACTGGAGGTGAAGCGAATGGTATCGATACGTAGGAGGTGTGCCTTCGTAGGCTGTTTCTCAGGACGCCCAACTATTCTTTCCAATCCTACATCTGTTTCTTGCGTCGTAGCGGGACCCTCCATTGTTACTTATTAGGTTCTCGTTATGTCTCATAATCTCAGTGCTGGTGTGATAAGCAAACCACCCTACTGGCACGAAGTTCACAGACGTGAGATTATGTCTCGTTTGGCAGTCTTGATGCTCGGGGGACACTTCTT	0.000943	0.000228	0.005235	1060	1	0	1	1.000000	0.794105	LowConfidence
chr1:299-598_INS_99bp_maxpath400	SNV	AACAGCTCAGGAGCCAGTCCCCTACGTCGCATATCCTGGCCACTGGAGGTGAAGCGAATGGTATCGATACGTAGGAGGTGTGCCTTCGTAGGCTGTTTCTCAGGACGCCCAACTATTCTTTCCAATCCTACATCTGTTTCTTGCGTCGTAGCGGGACCCTCCATTGTTACTTATTAGGTTCTCGTTATGTCTCATAATCTCAGTGCTGGTGTGATAAGCAAACCACCCTACTGGCACGAAGTTCACAGAAGTGAGATTATGTCTCGTTTGGCAGTCTTGATGCTCGGGGGACACTTCTT	AACAGCTCAGGAGCCAGTCCCCTACGTCGCATATCCTGGCCACTGGAGGTGAAGCGAATGGTATCGATACGTAGGAGGTGTGCCTTCGTAGGCTGTTTCTCAGGACGCCCAACTATTCTTTCCAATCCTACATCTGTTTCTTGCGTCGTAGCGGGACCCTCCATTGTTACTTATTAGGTTCTCGTTATGTCTCATAATCTCAGTGCTGGTGTGATAAGCAAACCACCCTACTGGCACGAAGTTCACAGAAATGAGATTATGTCTCGTTTGGCAGTCTTGATGCTCGGGGGACACTTCTT	0.000943	0.000228	0.005235	1060	1	0	1	1.000000	0.794105	LowConfidence
chr1:299-598_INS_99bp_maxpath400	SNV	AACAGCTCAGGAGCCAGTCCCCTACGTCGCATATCCTGGCCACTGGAGGTGAAGCGAATGGTATCGATACGTAGGAGGTGTGCCTTCGTAGGCTGTTTCTCAGGACGCCCAACTATTCTTTCCAATCCTACATCTGTTTCTTGCGTCGTAGCGGGACCCTCCATTGTTACTTATTAGGTTCTCGTTATGTCTCATAATCTCAGTGCTGGTGTGATAAGCAAACCACCCTACTGGCACGAAGTTCACAGAAGTGAGATTATGTCTCGTTTGGCAGTCTTGATGCTCGGGGGACACTTCTT	AACAGCTCAGGAGCCAGTCCCCTACGTCGCATATCCTGGCCACTGGAGGTGAAGCGAATGGTATCGATACGTAGGAGGTGTGCCTTCGTAGGCTGTTTCTCAGGACGCCCAACTATTCTTTCCAATCCTACATCTGTTTCTTGCGTCGTAGCGGGACCCTCCATTGTTACTTATTAGGTTCTCGTTATGTCTCATAATCTCAGTGCTGGTGTGATAAGCAAACCACCCTACTGGCACGAAGTTCACAGAAGTTAGATTATGTCTCGTTTGGCAGTCTTGATGCTCGGGGGACACTTCTT	0.000943	0.000228	0.005235	1060	1	0	1	1.000000	0.794105	LowConfidence
chr1:299-598_INS_99bp_maxpath400	SNV	AACAGCTCAGGAGCCAGTCCCCTACGTCGCATATCCTGGCCACTGGAGGTGAAGCGAATGGTATCGATACGTAGGAGGTGTGCCTTCGTAGGCTGTTTCTCAGGACGCCCAACTATTCTTTCCAATCCTACATCTGTTTCTTGCGTCGTAGCGGGACCCTCCATTGTTACTTATTAGGTTCTCGTTATGTCTCATAATCTCAGTGCTGGTGTGATAAGCAAACCACCCTACTGGCACGAAGTTCACAGAAGTGAGATTATGTCTCGTTTGGCAGTCTTGATGCTCGGGGGACACTTCTT	AACAGCTCAGGAGCCAGTCCCCTACGTCGCATATCCTGGCCACTGGAGGTGAAGCGAATGGTATCGATACGTAGGAGGTGTGCCTTCGTAGGCTGTTTCTCAGGACGCCCAACTATTCTTTCCAATCCTACATCTGTTTCTTGCGTCGTAGCGGGACCCTCCATTGTTACTTATTAGGTTCTCGTTATGTCTCATAATCTCAGTGCTGGTGTGATAAGCAAACCACCCTACTGGCACGAAGTTCACAGAAGTGAGCTTATGTCTCGTTTGGCAGTCTTGATGCTCGGGGGACACTTCTT	0.000943	0.000228	0.005235	1060	1	0	1	1.000000	0.794105	LowConfidence
chr1:299-598_INS_99bp_maxpath400	SNV	AACAGCTCAGGAGCCAGTCCCCTACGTCGCATATCCTGGCCACTGGAGGTGAAGCGAATGGTATCGATACGTAGGAGGTGTGCCTTCGTAGGCTGTTTCTCAGGACGCCCAACTATTCTTTCCAATCCTACATCTGTTTCTTGCGTCGTAGCGGGACCCTCCATTGTTACTTATTAGGTTCTCGTTATGTCTCATAATCTCAGTGCTGGTGTGATAAGCAAACCACCCTACTGGCACGAAGTTCACAGAAGTGAGATTATGTCTCGTTTGGCAGTCTTGATGCTCGGGGGACACTTCTT	AACAGCTCAGGAGCCAGTCCCCTACGTCGCATATCCTGGCCACTGGAGGTGAAGCGAATGGTATCGATACGTAGGAGGTGTGCCTTCGTAGGCTGTTTCTCAGGACGCCCAACTATTCTTTCCAATCCTACATCTGTTTCTTGCGTCGTAGCGGGACCCTCCATTGTTACTTATTAGGTTCTCGTTATGTCTCATAATCTCAGTGCTGGTGTGATAAGCAAACCACCCTACTGGCACGAAGTTCACAGAAGTGAGATTATTTCTCGTTTGGCAGTCTTGATGCTCGGGGGACACTTCTT	0.000943	0.000228	0.005235	1060	1	0	1	0.344627	0.794105	LowConfidence
chr1:299-598_INS_99bp_maxpath400	SNV	AACAGCTCAGGAGCCAGTCCCCTACGTCGCATATCCTGGCCACTGGAGGTGAAGCGAATGGTATCGATACGTAGGAGGTGTGCCTTCGTAGGCTGTTTCTCAGGACGCCCAACTATTCTTTCCAATCCTACATCTGTTTCTTGCGTCGTAGCGGGACCCTCCATTGTTACTTATTAGGTTCTCGTTATGTCTCATAATCTCAGTGCTGGTGTGATAAGCAAACCACCCTACTGGCACGAAGTTCACAGAAGTGAGATTATGTCTCGTTTGGCAGTCTTGATGCTCGGGGGACACTTCTT	AACAGCTCAGGAGCCAGTCCCCTACGTCGCATATCCTGGCCACTGGAGGTGAAGCGAATGGTATCGATACGTAGGAGGTGTGCCTTCGTAGGCTGTTTCTCAGGACGCCCAACTATTCTTTCCAATCCTACATCTGTTTCTTGCGTCGTAGCGGGACCCTCCATTGTTACTTATTAGGTTCTCGTTATGTCTCATAATCTCAGTGCTGGTGTGATAAGCAAACCACCCTACTGGCACGAAGTTCACAGAAGTGAGATTATGCCTCGTTTGGCAGTCTTGATGCTCGGGGGACACTTCTT	0.000943	0.000228	0.005235	1060	1	0	1	0.344627	0.794105	LowConfidence
chr1:299-598_INS_99bp_maxpath400	SNV	AACAGCTCAGGAGCCAGTCCCCTACGTCGCATATCCTGGCCACTGGAGGTGAAGCGAATGGTATCGATACGTAGGAGGTGTGCCTTCGTAGGCTGTTTCTCAGGACGCCCAACTATTCTTTCCAATCCTACATCTGTTTCTTGCGTCGTAGCGGGACCCTCCATTGTTACTTATTAGGTTCTCGTTATGTCTCATAATCTCAGTGCTGGTGTGATAAGCAAACCACCCTACTGGCACGAAGTTCACAGAAGTGAGATTATGTCTCGTTTGGCAGTCTTGATGCTCGGGGGACACTTCTT	AACAGCTCAGGAGCCAGTCCCCTACGTCGCATATCCTGGCCACTGGAGGTGAAGCGAATGGTATCGATACGTAGGAGGTGTGCCTTCGTAGGCTGTTTCTCAGGACGCCCAACTATTCTTTCCAATCCTACATCTGTTTCTTGCGTCGTAGCGGGACCCTCCATTGTTACTTATTAGGTTCTCGTTATGTCTCATAATCTCAGTGCTGGTGTGATAAGCAAACCACCCTACTGGCACGAAGTTCACAGAAGTGAGATTATGTCACGTTTGGCAGTCTTGATGCTCGGGGGACACTTCTT	0.000943	0.000228	0.005235	1060	1	0	1	0.344627	0.794105	LowConfidence
chr1:299-598_INS_99bp_maxpath400	SNV	AACAGCTCAGGAGCCAGTCCCCTACGTCGCATATCCTGGCCACTGGAGGTGAAGCGAATGGTATCGATACGTAGGAGGTGTGCCTTCGTAGGCTGTTTCTCAGGACGCCCAACTATTCTTTCCAATCCTACATCTGTTTCTTGCGTCGTAGCGGGACCCTCCATTGTTACTTATTAGGTTCTCGTTATGTCTCATAATCTCAGTGCTGGTGTGATAAGCAAACCACCCTACTGGCACGAAGTTCACAGAAGTGAGATTATGTCTCGTTTGGCAGTCTTGATGCTCGGGGGACACTTCTT	AACAGCTCAGGAGCCAGTCCCCTACGTCGCATATCCTGGCCACTGGAGGTGAAGCGAATGGTATCGATACGTAGGAGGTGTGCCTTCGTAGGCTGTTTCTCAGGACGCCCAACTATTCTTTCCAATCCTACATCTGTTTCTTGCGTCGTAGCGGGACCCTCCATTGTTACTTATTAGGTTCTCGTTATGTCTCATAATCTCAGTGCTGGTGTGATAAGCAAACCACCCTACTGGCACGAAGTTCACAGAAGTGAGATTATGTCGCGTTTGGCAGTCTTGATGCTCGGGGGACACTTCTT	0.000943	0.000228	0.005235	1060	1	0	1	1.000000	0.794105	LowConfidence
chr1:299-598_INS_99bp_maxpath400	SNV	AACAGCTCAGGAGCCAGTCCCCTACGTCGCATATCCTGGCCACTGGAGGTGAAGCGAATGGTATCGATACGTAGGAGGTGTGCCTTCGTAGGCTGTTTCTCAGGACGCCCAACTATTCTTTCCAATCCTACATCTGTTTCTTGCGTCGTAGCGGGACCCTCCATTGTTACTTATTAGGTTCTCGTTATGTCTCATAATCTCAGTGCTGGTGTGATAAGCAAACCACCCTACTGGCACGAAGTTCACAGAAGTGAGATTATGTCTCGTTTGGCAGTCTTGATGCTCGGGGGACACTTCTT	AACAGCTCAGGAGCCAGTCCCCTACGTCGCATATCCTGGCCACTGGAGGTGAAGCGAATGGTATCGATACGTAGGAGGTGTGCCTTCGTAGGCTGTTTCTCAGGACGCCCAACTATTCTTTCCAATCCTACATCTGTTTCTTGCGTCGTAGCGGGACCCTCCATTGTTACTTATTAGGTTCTCGTTATGTCTCATAATCTCAGTGCTGGTGTGATAAGCAAACCACCCTACTGGCACGAAGTTCACAGAAGTGAGATTATGTCTCATTTGGCAGTCTTGATGCTCGGGGGACACTTCTT	0.000943	0.000228	0.005235	1060	1	0	1	1.000000	0.794105	LowConfidence
chr1:299-598_INS_99bp_maxpath400	SNV	AACAGCTCAGGAGCCAGTCCCCTACGTCGCATATCCTGGCCACTGGAGGTGAAGCGAATGGTATCGATACGTAGGAGGTGTGCCTTCGTAGGCTGTTTCTCAGGACGCCCAACTATTCTTTCCAATCCTACATCTGTTTCTTGCGTCGTAGCGGGACCCTCCATTGTTACTTATTAGGTTCTCGTTATGTCTCATAATCTCAGTGCTGGTGTGATAAGCAAACCACCCTACTGGCACGAAGTTCACAGAAGTGAGATTATGTCTCGTTTGGCAGTCTTGATGCTCGGGGGACACTTCTT	AACAGCTCAGGAGCCAGTCCCCTACGTCGCATATCCTGGCCACTGGAGGTGAAGCGAATGGTATCGATACGTAGGAGGTGTGCCTTCGTAGGCTGTTTCTCAGGACGCCCAACTATTCTTTCCAATCCTACATCTGTTTCTTGCGTCGTAGCGGGACCCTCCATTGTTACTTATTAGGTTCTCGTTATGTCTCATAATCTCAGTGCTGGTGTGATAAGCAAACCACCCTACTGGCACGAAGTTCACAGAAGTGAGATTATGTCTCGTCTGGCAGTCTTGATGCTCGGGGGACACTTCTT	0.000943	0.000228	0.005235	1060	1	0	1	0.344627	0.794105	LowConfidence
chr1:299-598_INS_99bp_maxpath400	MNV	AACAGCTCAGGAGCCAGTCCCCTACGTCGCATATCCTGGCCACTGGAGGTGAAGCGAATGGTATCGATACGTAGGAGGTGTGCCTTCGTAGGCTGTTTCTCAGGACGCCCAACTATTCTTTCCAATCCTACATCTGTTTCTTGCGTCGTAGCGGGACCCTCCATTGTTACTTATTAGGTTCTCGTTATGTCTCATAATCTCAGTGCTGGTGTGATAAGCAAACCACCCTACTGGCACGAAGTTCACAGAAGTGAGATTATGTCTCGTTTGGCAGTCTTGATGCTCGGGGGACACTTCTT	AACAGCTCAGGAGCCAGTCCCCTACGTCGCATATCCTGGCCACTGGAGGTGAAGCGAATGGTATCGATACGTAGGAGGTGTGCCTTCGTAGGCTGTTTCTCAGGACGCCCAACTATTCTTTCCAATCCTACATCTGTTTCTTGCGTCGTAGCGGGACCCTCCATTGTTACTTATTAGGTTCTCGTTATGTCTCATAATCTCAGTGCTGGTGTGATAAGCAAACCACCCTACTGGCACGTAGTTCACAGAAGTGAGATTATGTCACGTTTGGCAGTCTTGATGCTCGGGGGACACTTCTT	0.000943	0.000228	0.005235	1060	1	0	1	0.344627	0.794105	LowConfidence
chr1:299-598_INS_99bp_maxpath400	MNV	AACAGCTCAGGAGCCAGTCCCCTACGTCGCATATCCTGGCCACTGGAGGTGAAGCGAATGGTATCGATACGTAGGAGGTGTGCCTTCGTAGGCTGTTTCTCAGGACGCCCAACTATTCTTTCCAATCCTACATCTGTTTCTTGCGTCGTAGCGGGACCCTCCATTGTTACTTATTAGGTTCTCGTTATGTCTCATAATCTCAGTGCTGGTGTGATAAGCAAACCACCCTACTGGCACGAAGTTCACAGAAGTGAGATTATGTCTCGTTTGGCAGTCTTGATGCTCGGGGGACACTTCTT	AACAGCTCAGGAGCCAGTCCCCTACGTCGCATATCCTGGCCACTGGAGGTGAAGCGAATGGTATCGATACGTAGGAGGTGTGCCTTCGTAGGCTGTTTCTCAGGACGCCCAACTATTCTTTCCAATCCTACATCTGTTTCTTGCGTCGTAGCGGGACCCTCCATTGTTACTTATTAGGTTCTCGTTATGTCTCATAATCTCAGTGCTGGTGTGATAAGCAAACCTCCCTACTGGCACGAAGTTCACAGAAGTGAGCTTATGTCTCGTTTGGCAGTCTTGATGCTCGGGGGACACTTCTT	0.000943	0.000228	0.005235	1060	1	0	1	1.000000	0.794105	LowConfidence
chr1:299-598_INS_99bp_maxpath400	MNV	AACAGCTCAGGAGCCAGTCCCCTACGTCGCATATCCTGGCCACTGGAGGTGAAGCGAATGGTATCGATACGTAGGAGGTGTGCCTTCGTAGGCTGTTTCTCAGGACGCCCAACTATTCTTTCCAATCCTACATCTGTTTCTTGCGTCGTAGCGGGACCCTCCATTGTTACTTATTAGGTTCTCGTTATGTCTCATAATCTCAGTGCTGGTGTGATAAGCAAACCACCCTACTGGCACGAAGTTCACAGAAGTGAGATTATGTCTCGTTTGGCAGTCTTGATGCTCGGGGGACACTTCTT	AACAGCTCAGGAGCCAGTCCCCTACGTCGCATATCCTGGCCACTGGAGGTGAAGCGAATGGTATCGATACGTAGGAGGTGTGCCTTCGTAGGCTGTTTCTCAGGACGCCCAACTATTCTTTCCAATCCTACATCTGTTTCTTGCGTCGTAGCGGGACCCTCCATTGTTACTTATTAGGTTCTCGTTATGTCTCATAATCTCAGTGCTGGTGTGATAAGCAAACGACCCTACTGGCACGAAGTTCACAGAAGTGAGCTTATGTCTCGTTTGGCAGTCTTGATGCTCGGGGGACACTTCTT	0.000943	0.000228	0.005235	1060	1	0	1	1.000000	0.794105	LowConfidence
chr1:299-598_INS_99bp_maxpath400	MNV	AACAGCTCAGGAGCCAGTCCCCTACGTCGCATATCCTGGCCACTGGAGGTGAAGCGAATGGTATCGATACGTAGGAGGTGTGCCTTCGTAGGCTGTTTCTCAGGACGCCCAACTATTCTTTCCAATCCTACATCTGTTTCTTGCGTCGTAGCGGGACCCTCCATTGTTACTTATTAGGTTCTCGTTATGTCTCATAATCTCAGTGCTGGTGTGATAAGCAAACCACCCTACTGGCACGAAGTTCACAGAAGTGAGATTATGTCTCGTTTGGCAGTCTTGATGCTCGGGGGACACTTCTT	AACAGCTCAGGAGCCAGTCCCCTACGTCGCATATCCTGGCCACTGGAGGTGAAGCGAATGGTATCGATACGTAGGAGGTGTGCCTTCGTAGGCTGTTTCTCAGGACGCCCAACTATTCTTTCCAATCCTACATCTGTTTCTTGCGTCGTAGCGGGACCCTCCATTGTTACTTATTAGGTTCTCGTTATGTCTCATAATCTCAGTGCTGGTGTGATAAGCAAACCTCCCTACTGGCACGAAGTTCACAGAAGTGAGATTATTTCTCGTTTGGCAGTCTTGATGCTCGGGGGACACTTCTT	0.000943	0.000228	0.005235	1060	1	0	1	0.344627	0.794105	LowConfidence
chr1:299-598_INS_99bp_maxpath400	MNV	AACAGCTCAGGAGCCAGTCCCCTACGTCGCATATCCTGGCCACTGGAGGTGAAGCGAATGGTATCGATACGTAGGAGGTGTGCCTTCGTAGGCTGTTTCTCAGGACGCCCAACTATTCTTTCCAATCCTACATCTGTTTCTTGCGTCGTAGCGGGACCCTCCATTGTTACTTATTAGGTTCTCGTTATGTCTCATAATCTCAGTGCTGGTGTGATAAGCAAACCACCCTACTGGCACGAAGTTCACAGAAGTGAGATTATGTCTCGTTTGGCAGTCTTGATGCTCGGGGGACACTTCTT	AACAGCTCAGGAGCCAGTCCCCTACGTCGCATATCCTGGCCACTGGAGGTGAAGCGAATGGTATCGATACGTAGGAGGTGTGCCTTCGTAGGCTGTTTCTCAGGACGCCCAACTATTCTTTCCAATCCTACATCTGTTTCTTGCGTCGTAGCGGGACCCTCCATTGTTACTTATTAGGTTCTCGTTATGTCTCATAATCTCAGTGCTGGTGTGATAAGCAAACGACCCTACTGGCACGAAGTTCACAGAAGTGAGATTATTTCTCGTTTGGCAGTCTTGATGCTCGGGGGACACTTCTT	0.000943	0.000228	0.005235	1060	1	0	1	0.344627	0.794105	LowConfidence
chr1:299-598_INS_99bp_maxpath400	MNV	AACAGCTCAGGAGCCAGTCCCCTACGTCGCATATCCTGGCCACTGGAGGTGAAGCGAATGGTATCGATACGTAGGAGGTGTGCCTTCGTAGGCTGTTTCTCAGGACGCCCAACTATTCTTTCCAATCCTACATCTGTTTCTTGCGTCGTAGCGGGACCCTCCATTGTTACTTATTAGGTTCTCGTTATGTCTCATAATCTCAGTGCTGGTGTGATAAGCAAACCACCCTACTGGCACGAAGTTCACAGAAGTGAGATTATGTCTCGTTTGGCAGTCTTGATGCTCGGGGGACACTTCTT	AACAGCTCAGGAGCCAGTCCCCTACGTCGCATATCCTGGCCACTGGAGGTGAAGCGAATGGTATCGATACGTAGGAGGTGTGCCTTCGTAGGCTGTTTCTCAGGACGCCCAACTATTCTTTCCAATCCTACATCTGTTTCTTGCGTCGTAGCGGGACCCTCCATTGTTACTTATTAGGTTCTCGTTATGTCTCATAATCTCAGTGCTGGTGTGATAAGCAAACCACACTACTGGCACGAAGTTCACAGAAGTGAGATTATTTCTCGTTTGGCAGTCTTGATGCTCGGGGGACACTTCTT	0.000943	0.000228	0.005235	1060	1	0	1	0.344627	0.794105	LowConfidence
chr1:299-598_INS_99bp_maxpath400	MNV	AACAGCTCAGGAGCCAGTCCCCTACGTCGCATATCCTGGCCACTGGAGGTGAAGCGAATGGTATCGATACGTAGGAGGTGTGCCTTCGTAGGCTGTTTCTCAGGACGCCCAACTATTCTTTCCAATCCTACATCTGTTTCTTGCGTCGTAGCGGGACCCTCCATTGTTACTTATTAGGTTCTCGTTATGTCTCATAATCTCAGTGCTGGTGTGATAAGCAAACCACCCTACTGGCACGAAGTTCACAGAAGTGAGATTATGTCTCGTTTGGCAGTCTTGATGCTCGGGGGACACTTCTT	AACAGCTCAGGAGCCAGTCCCCTACGTCGCATATCCTGGCCACTGGAGGTGAAGCGAATGGTATCGATACGTAGGAGGTGTGCCTTCGTAGGCTGTTTCTCAGGACGCCCAACTATTCTTTCCAATCCTACATCTGTTTCTTGCGTCGTAGCGGGACCCTCCATTGTTACTTATTAGGTTCTCGTTATGTCTCATAATCTCAGTGCTGGTGTGATAAGCAAACCTCCCTACTGGCACGAAGTTCACAGAAGTGAGATTATGCCTCGTTTGGCAGTCTTGATGCTCGGGGGACACTTCTT	0.000943	0.000228	0.005235	1060	1	0	1	0.344627	0.794105	LowConfidence
chr1:299-598_INS_99bp_maxpath400	MNV	AACAGCTCAGGAGCCAGTCCCCTACGTCGCATATCCTGGCCACTGGAGGTGAAGCGAATGGTATCGATACGTAGGAGGTGTGCCTTCGTAGGCTGTTTCTCAGGACGCCCAACTATTCTTTCCAATCCTACATCTGTTTCTTGCGTCGTAGCGGGACCCTCCATTGTTACTTATTAGGTTCTCGTTATGTCTCATAATCTCAGTGCTGGTGTGATAAGCAAACCACCCTACTGGCACGAAGTTCACAGAAGTGAGATTATGTCTCGTTTGGCAGTCTTGATGCTCGGGGGACACTTCTT	AACAGCTCAGGAGCCAGTCCCCTACGTCGCATATCCTGGCCACTGGAGGTGAAGCGAATGGTATCGATACGTAGGAGGTGTGCCTTCGTAGGCTGTTTCTCAGGACGCCCAACTATTCTTTCCAATCCTACATCTGTTTCTTGCGTCGTAGCGGGACCCTCCATTGTTACTTATTAGGTTCTCGTTATGTCTCATAATCTCAGTGCTGGTGTGATAAGCAAACCATCCTACTGGCACGAAGTTCACAGAAGTGAGATTATTTCTCGTTTGGCAGTCTTGATGCTCGGGGGACACTTCTT	0.000943	0.000228	0.005235	1060	1	0	1	0.344627	0.794105	LowConfidence
chr1:299-598_INS_99bp_maxpath400	MNV	AACAGCTCAGGAGCCAGTCCCCTACGTCGCATATCCTGGCCACTGGAGGTGAAGCGAATGGTATCGATACGTAGGAGGTGTGCCTTCGTAGGCTGTTTCTCAGGACGCCCAACTATTCTTTCCAATCCTACATCTGTTTCTTGCGTCGTAGCGGGACCCTCCATTGTTACTTATTAGGTTCTCGTTATGTCTCATAATCTCAGTGCTGGTGTGATAAGCAAACCACCCTACTGGCACGAAGTTCACAGAAGTGAGATTATGTCTCGTTTGGCAGTCTTGATGCTCGGGGGACACTTCTT	AACAGCTCAGGAGCCAGTCCCCTACGTCGCATATCCTGGCCACTGGAGGTGAAGCGAATGGTATCGATACGTAGGAGGTGTGCCTTCGTAGGCTGTTTCTCAGGACGCCCAACTATTCTTTCCAATCCTACATCTGTTTCTTGCGTCGTAGCGGGACCCTCCATTGTTACTTATTAGGTTCTCGTTATGTCTCATAATCTCAGTGCTGGTGTGATAAGCAAACGACCCTACTGGCACGAAGTTCACAGAAGTGAGATTATGCCTCGTTTGGCAGTCTTGATGCTCGGGGGACACTTCTT	0.000943	0.000228	0.005235	1060	1	0	1	0.344627	0.794105	LowConfidence
chr1:299-598_INS_99bp_maxpath400	MNV	AACAGCTCAGGAGCCAGTCCCCTACGTCGCATATCCTGGCCACTGGAGGTGAAGCGAATGGTATCGATACGTAGGAGGTGTGCCTTCGTAGGCTGTTTCTCAGGACGCCCAACTATTCTTTCCAATCCTACATCTGTTTCTTGCGTCGTAGCGGGACCCTCCATTGTTACTTATTAGGTTCTCGTTATGTCTCATAATCTCAGTGCTGGTGTGATAAGCAAACCACCCTACTGGCACGAAGTTCACAGAAGTGAGATTATGTCTCGTTTGGCAGTCTTGATGCTCGGGGGACACTTCTT	AACAGCTCAGGAGCCAGTCCCCTACGTCGCATATCCTGGCCACTGGAGGTGAAGCGAATGGTATCGATACGTAGGAGGTGTGCCTTCGTAGGCTGTTTCTCAGGACGCCCAACTATTCTTTCCAATCCTACATCTGTTTCTTGCGTCGTAGCGGGACCCTCCATTGTTACTTATTAGGTTCTCGTTATGTCTCATAATCTCAGTGCTGGTGTGATAAGCAAACCACACTACTGGCACGAAGTTCACAGAAGTGAGATTATGCCTCGTTTGGCAGTCTTGATGCTCGGGGGACACTTCTT	0.000943	0.000228	0.005235	1060	1	0	1	0.344627	0.794105	LowConfidence
chr1:299-598_INS_99bp_maxpath400	MNV	AACAGCTCAGGAGCCAGTCCCCTACGTCGCATATCCTGGCCACTGGAGGTGAAGCGAATGGTATCGATACGTAGGAGGTGTGCCTTCGTAGGCTGTTTCTCAGGACGCCCAACTATTCTTTCCAATCCTACATCTGTTTCTTGCGTCGTAGCGGGACCCTCCATTGTTACTTATTAGGTTCTCGTTATGTCTCATAATCTCAGTGCTGGTGTGATAAGCAAACCACCCTACTGGCACGAAGTTCACAGAAGTGAGATTATGTCTCGTTTGGCAGTCTTGATGCTCGGGGGACACTTCTT	AACAGCTCAGGAGCCAGTCCCCTACGTCGCATATCCTGGCCACTGGAGGTGAAGCGAATGGTATCGATACGTAGGAGGTGTGCCTTCGTAGGCTGTTTCTCAGGACGCCCAACTATTCTTTCCAATCCTACATCTGTTTCTTGCGTCGTAGCGGGACCCTCCATTGTTACTTATTAGGTTCTCGTTATGTCTCATAATCTCAGTGCTGGTGTGATAAGCAAACCATCCTACTGGCACGAAGTTCACAGAAGTGAGATTATGCCTCGTTTGGCAGTCTTGATGCTCGGGGGACACTTCTT	0.000943	0.000228	0.005235	1060	1	0	1	0.344627	0.794105	LowConfidence
chr1:299-598_INS_99bp_maxpath400	MNV	AACAGCTCAGGAGCCAGTCCCCTACGTCGCATATCCTGGCCACTGGAGGTGAAGCGAATGGTATCGATACGTAGGAGGTGTGCCTTCGTAGGCTGTTTCTCAGGACGCCCAACTATTCTTTCCAATCCTACATCTGTTTCTTGCGTCGTAGCGGGACCCTCCATTGTTACTTATTAGGTTCTCGTTATGTCTCATAATCTCAGTGCTGGTGTGATAAGCAAACCACCCTACTGGCACGAAGTTCACAGAAGTGAGATTATGTCTCGTTTGGCAGTCTTGATGCTCGGGGGACACTTCTT	AACAGCTCAGGAGCCAGTCCCCTACGTCGCATATCCTGGCCACTGGAGGTGAAGCGAATGGTATCGATACGTAGGAGGTGTGCCTTCGTAGGCTGTTTCTCAGGACGCCCAACTATTCTTTCCAATCCTACATCTGTTTCTTGCGTCGTAGCGGGACCCTCCATTGTTACTTATTAGGTTCTCGTTATGTCTCATAATCTCAGTGCTGGTGTGATAAGCAAACCTCCCTACTGGCACGAAGTTCACAGAAGTGAGATTATGTCACGTTTGGCAGTCTTGATGCTCGGGGGACACTTCTT	0.000943	0.000228	0.005235	1060	1	0	1	0.344627	0.794105	LowConfidence
chr1:299-598_INS_99bp_maxpath400	MNV	AACAGCTCAGGAGCCAGTCCCCTACGTCGCATATCCTGGCCACTGGAGGTGAAGCGAATGGTATCGATACGTAGGAGGTGTGCCTTCGTAGGCTGTTTCTCAGGACGCCCAACTATTCTTTCCAATCCTACATCTGTTTCTTGCGTCGTAGCGGGACCCTCCATTGTTACTTATTAGGTTCTCGTTATGTCTCATAATCTCAGTGCTGGTGTGATAAGCAAACCACCCTACTGGCACGAAGTTCACAGAAGTGAGATTATGTCTCGTTTGGCAGTCTTGATGCTCGGGGGACACTTCTT	AACAGCTCAGGAGCCAGTCCCCTACGTCGCATATCCTGGCCACTGGAGGTGAAGCGAATGGTATCGATACGTAGGAGGTGTGCCTTCGTAGGCTGTTTCTCAGGACGCCCAACTATTCTTTCCAATCCTACATCTGTTTCTTGCGTCGTAGCGGGACCCTCCATTGTTACTTATTAGGTTCTCGTTATGTCTCATAATCTCAGTGCTGGTGTGATAAGCAAACGACCCTACTGGCACGAAGTTCACAGAAGTGAGATTATGTCACGTTTGGCAGTCTTGATGCTCGGGGGACACTTCTT	0.000943	0.000228	0.005235	1060	1	0	1	0.344627	0.794105	LowConfidence
chr1:299-598_INS_99bp_maxpath400	MNV	AACAGCTCAGGAGCCAGTCCCCTACGTCGCATATCCTGGCCACTGGAGGTGAAGCGAATGGTATCGATACGTAGGAGGTGTGCCTTCGTAGGCTGTTTCTCAGGACGCCCAACTATTCTTTCCAATCCTACATCTGTTTCTTGCGTCGTAGCGGGACCCTCCATTGTTACTTATTAGGTTCTCGTTATGTCTCATAATCTCAGTGCTGGTGTGATAAGCAAACCACCCTACTGGCACGAAGTTCACAGAAGTGAGATTATGTCTCGTTTGGCAGTCTTGATGCTCGGGGGACACTTCTT	AACAGCTCAGGAGCCAGTCCCCTACGTCGCATATCCTGGCCACTGGAGGTGAAGCGAATGGTATCGATACGTAGGAGGTGTGCCTTCGTAGGCTGTTTCTCAGGACGCCCAACTATTCTTTCCAATCCTACATCTGTTTCTTGCGTCGTAGCGGGACCCTCCATTGTTACTTATTAGGTTCTCGTTATGTCTCATAATCTCAGTGCTGGTGTGATAAGCAAACCTCCCTACTGGCACGAAGTTCACAGAAGTGAGATTATGTCGCGTTTGGCAGTCTTGATGCTCGGGGGACACTTCTT	0.000943	0.000228	0.005235	1060	1	0	1	1.000000	0.794105	LowConfidence
chr1:299-598_INS_99bp_maxpath400	MNV	AACAGCTCAGGAGCCAGTCCCCTACGTCGCATATCCTGGCCACTGGAGGTGAAGCGAATGGTATCGATACGTAGGAGGTGTGCCTTCGTAGGCTGTTTCTCAGGACGCCCAACTATTCTTTCCAATCCTACATCTGTTTCTTGCGTCGTAGCGGGACCCTCCATTGTTACTTATTAGGTTCTCGTTATGTCTCATAATCTCAGTGCTGGTGTGATAAGCAAACCACCCTACTGGCACGAAGTTCACAGAAGTGAGATTATGTCTCGTTTGGCAGTCTTGATGCTCGGGGGACACTTCTT	AACAGCTCAGGAGCCAGTCCCCTACGTCGCATATCCTGGCCACTGGAGGTGAAGCGAATGGTATCGATACGTAGGAGGTGTGCCTTCGTAGGCTGTTTCTCAGGACGCCCAACTATTCTTTCCAATCCTACATCTGTTTCTTGCGTCGTAGCGGGACCCTCCATTGTTACTTATTAGGTTCTCGTTATGTCTCATAATCTCAGTGCTGGTGTGATAAGCAAACGACCCTACTGGCACGAAGTTCACAGAAGTGAGATTATGTCGCGTTTGGCAGTCTTGATGCTCGGGGGACACTTCTT	0.000943	0.000228	0.005235	1060	1	0	1	1.000000	0.794105	LowConfidence
chr1:299-598_INS_99bp_maxpath400	MNV	AACAGCTCAGGAGCCAGTCCCCTACGTCGCATATCCTGGCCACTGGAGGTGAAGCGAATGGTATCGATACGTAGGAGGTGTGCCTTCGTAGGCTGTTTCTCAGGACGCCCAACTATTCTTTCCAATCCTACATCTGTTTCTTGCGTCGTAGCGGGACCCTCCATTGTTACTTATTAGGTTCTCGTTATGTCTCATAATCTCAGTGCTGGTGTGATAAGCAAACCACCCTACTGGCACGAAGTTCACAGAAGTGAGATTATGTCTCGTTTGGCAGTCTTGATGCTCGGGGGACACTTCTT	AACAGCTCAGGAGCCAGTCCCCTACGTCGCATATCCTGGCCACTGGAGGTGAAGCGAATGGTATCGATACGTAGGAGGTGTGCCTTCGTAGGCTGTTTCTCAGGACGCCCAACTATTCTTTCCAATCCTACATCTGTTTCTTGCGTCGTAGCGGGACCCTCCATTGTTACTTATTAGGTTCTCGTTATGTCTCATAATCTCAGTGCTGGTGTGATAAGCAAACCACCATACTGGCACGAAGTTCACAGAAGTGAGATTATTTCTCGTTTGGCAGTCTTGATGCTCGGGGGACACTTCTT	0.000943	0.000228	0.005235	1060	1	0	1	1.000000	0.794105	LowConfidence
chr1:299-598_INS_99bp_maxpath400	MNV	AACAGCTCAGGAGCCAGTCCCCTACGTCGCATATCCTGGCCACTGGAGGTGAAGCGAATGGTATCGATACGTAGGAGGTGTGCCTTCGTAGGCTGTTTCTCAGGACGCCCAACTATTCTTTCCAATCCTACATCTGTTTCTTGCGTCGTAGCGGGACCCTCCATTGTTACTTATTAGGTTCTCGTTATGTCTCATAATCTCAGTGCTGGTGTGATAAGCAAACCACCCTACTGGCACGAAGTTCACAGAAGTGAGATTATGTCTCGTTTGGCAGTCTTGATGCTCGGGGGACACTTCTT	AACAGCTCAGGAGCCAGTCCCCTACGTCGCATATCCTGGCCACTGGAGGTGAAGCGAATGGTATCGATACGTAGGAGGTGTGCCTTCGTAGGCTGTTTCTCAGGACGCCCAACTATTCTTTCCAATCCTACATCTGTTTCTTGCGTCGTAGCGGGACCCTCCATTGTTACTTATTAGGTTCTCGTTATGTCTCATAATCTCAGTGCTGGTGTGATAAGCAAACCTCCCTACTGGCACGAAGTTCACAGAAGTGAGATTATGTCTCATTTGGCAGTCTTGATGCTCGGGGGACACTTCTT	0.000943	0.000228	0.005235	1060	1	0	1	1.000000	0.794105	LowConfidence
chr1:299-598_INS_99bp_maxpath400	MNV	AACAGCTCAGGAGCCAGTCCCCTACGTCGCATATCCTGGCCACTGGAGGTGAAGCGAATGGTATCGATACGTAGGAGGTGTGCCTTCGTAGGCTGTTTCTCAGGACGCCCAACTATTCTTTCCAATCCTACATCTGTTTCTTGCGTCGTAGCGGGACCCTCCATTGTTACTTATTAGGTTCTCGTTATGTCTCATAATCTCAGTGCTGGTGTGATAAGCAAACCACCCTACTGGCACGAAGTTCACAGAAGTGAGATTATGTCTCGTTTGGCAGTCTTGATGCTCGGGGGACACTTCTT	AACAGCTCAGGAGCCAGTCCCCTACGTCGCATATCCTGGCCACTGGAGGTGAAGCGAATGGTATCGATACGTAGGAGGTGTGCCTTCGTAGGCTGTTTCTCAGGACGCCCAACTATTCTTTCCAATCCTACATCTGTTTCTTGCGTCGTAGCGGGACCCTCCATTGTTACTTATTAGGTTCTCGTTATGTCTCATAATCTCAGTGCTGGTGTGATAAGCAAACGACCCTACTGGCACGAAGTTCACAGAAGTGAGATTATGTCTCATTTGGCAGTCTTGATGCTCGGGGGACACTTCTT	0.000943	0.000228	0.005235	1060	1	0	1	1.000000	0.794105	LowConfidence
chr1:299-598_INS_99bp_maxpath400	MNV	AACAGCTCAGGAGCCAGTCCCCTACGTCGCATATCCTGGCCACTGGAGGTGAAGCGAATGGTATCGATACGTAGGAGGTGTGCCTTCGTAGGCTGTTTCTCAGGACGCCCAACTATTCTTTCCAATCCTACATCTGTTTCTTGCGTCGTAGCGGGACCCTCCATTGTTACTTATTAGGTTCTCGTTATGTCTCATAATCTCAGTGCTGGTGTGATAAGCAAACCACCCTACTGGCACGAAGTTCACAGAAGTGAGATTATGTCTCGTTTGGCAGTCTTGATGCTCGGGGGACACTTCTT	AACAGCTCAGGAGCCAGTCCCCTACGTCGCATATCCTGGCCACTGGAGGTGAAGCGAATGGTATCGATACGTAGGAGGTGTGCCTTCGTAGGCTGTTTCTCAGGACGCCCAACTATTCTTTCCAATCCTACATCTGTTTCTTGCGTCGTAGCGGGACCCTCCATTGTTACTTATTAGGTTCTCGTTATGTCTCATAATCTCAGTGCTGGTGTGATAAGCAAACCACACTACTGGCACGAAGTTCACAGAAGTGAGATTATGTCACGTTTGGCAGTCTTGATGCTCGGGGGACACTTCTT	0.000943	0.000228	0.005235	1060	1	0	1	0.344627	0.794105	LowConfidence
chr1:299-598_INS_99bp_maxpath400	MNV	AACAGCTCAGGAGCCAGTCCCCTACGTCGCATATCCTGGCCACTGGAGGTGAAGCGAATGGTATCGATACGTAGGAGGTGTGCCTTCGTAGGCTGTTTCTCAGGACGCCCAACTATTCTTTCCAATCCTACATCTGTTTCTTGCGTCGTAGCGGGACCCTCCATTGTTACTTATTAGGTTCTCGTTATGTCTCATAATCTCAGTGCTGGTGTGATAAGCAAACCACCCTACTGGCACGAAGTTCACAGAAGTGAGATTATGTCTCGTTTGGCAGTCTTGATGCTCGGGGGACACTTCTT	AACAGCTCAGGAGCCAGTCCCCTACGTCGCATATCCTGGCCACTGGAGGTGAAGCGAATGGTATCGATACGTAGGAGGTGTGCCTTCGTAGGCTGTTTCTCAGGACGCCCAACTATTCTTTCCAATCCTACATCTGTTTCTTGCGTCGTAGCGGGACCCTCCATTGTTACTTATTAGGTTCTCGTTATGTCTCATAATCTCAGTGCTGGTGTGATAAGCAAACCATCCTACTGGCACGAAGTTCACAGAAGTGAGATTATGTCACGTTTGGCAGTCTTGATGCTCGGGGGACACTTCTT	0.000943	0.000228	0.005235	1060	1	0	1	0.344627	0.794105	LowConfidence
chr1:299-598_INS_99bp_maxpath400	MNV	AACAGCTCAGGAGCCAGTCCCCTACGTCGCATATCCTGGCCACTGGAGGTGAAGCGAATGGTATCGATACGTAGGAGGTGTGCCTTCGTAGGCTGTTTCTCAGGACGCCCAACTATTCTTTCCAATCCTACATCTGTTTCTTGCGTCGTAGCGGGACCCTCCATTGTTACTTATTAGGTTCTCGTTATGTCTCATAATCTCAGTGCTGGTGTGATAAGCAAACCACCCTACTGGCACGAAGTTCACAGAAGTGAGATTATGTCTCGTTTGGCAGTCTTGATGCTCGGGGGACACTTCTT	AACAGCTCAGGAGCCAGTCCCCTACGTCGCATATCCTGGCCACTGGAGGTGAAGCGAATGGTATCGATACGTAGGAGGTGTGCCTTCGTAGGCTGTTTCTCAGGACGCCCAACTATTCTTTCCAATCCTACATCTGTTTCTTGCGTCGTAGCGGGACCCTCCATTGTTACTTATTAGGTTCTCGTTATGTCTCATAATCTCAGTGCTGGTGTGATAAGCAAACCACACTACTGGCACGAAGTTCACAGAAGTGAGATTATGTCGCGTTTGGCAGTCTTGATGCTCGGGGGACACTTCTT	0.000943	0.000228	0.005235	1060	1	0	1	1.000000	0.794105	LowConfidence
chr1:299-598_INS_99bp_maxpath400	MNV	AACAGCTCAGGAGCCAGTCCCCTACGTCGCATATCCTGGCCACTGGAGGTGAAGCGAATGGTATCGATACGTAGGAGGTGTGCCTTCGTAGGCTGTTTCTCAGGACGCCCAACTATTCTTTCCAATCCTACATCTGTTTCTTGCGTCGTAGCGGGACCCTCCATTGTTACTTATTAGGTTCTCGTTATGTCTCATAATCTCAGTGCTGGTGTGATAAGCAAACCACCCTACTGGCACGAAGTTCACAGAAGTGAGATTATGTCTCGTTTGGCAGTCTTGATGCTCGGGGGACACTTCTT	AACAGCTCAGGAGCCAGTCCCCTACGTCGCATATCCTGGCCACTGGAGGTGAAGCGAATGGTATCGATACGTAGGAGGTGTGCCTTCGTAGGCTGTTTCTCAGGACGCCCAACTATTCTTTCCAATCCTACATCTGTTTCTTGCGTCGTAGCGGGACCCTCCATTGTTACTTATTAGGTTCTCGTTATGTCTCATAATCTCAGTGCTGGTGTGATAAGCAAACCATCCTACTGGCACGAAGTTCACAGAAGTGAGATTATGTCGCGTTTGGCAGTCTTGATGCTCGGGGGACACTTCTT	0.000943	0.000228	0.005235	1060	1	0	1	1.000000	0.794105	LowConfidence
chr1:299-598_INS_99bp_maxpath400	MNV	AACAGCTCAGGAGCCAGTCCCCTACGTCGCATATCCTGGCCACTGGAGGTGAAGCGAATGGTATCGATACGTAGGAGGTGTGCCTTCGTAGGCTGTTTCTCAGGACGCCCAACTATTCTTTCCAATCCTACATCTGTTTCTTGCGTCGTAGCGGGACCCTCCATTGTTACTTATTAGGTTCTCGTTATGTCTCATAATCTCAGTGCTGGTGTGATAAGCAAACCACCCTACTGGCACGAAGTTCACAGAAGTGAGATTATGTCTCGTTTGGCAGTCTTGATGCTCGGGGGACACTTCTT	AACAGCTCAGGAGCCAGTCCCCTACGTCGCATATCCTGGCCACTGGAGGTGAAGCGAATGGTATCGATACGTAGGAGGTGTGCCTTCGTAGGCTGTTTCTCAGGACGCCCAACTATTCTTTCCAATCCTACATCTGTTTCTTGCGTCGTAGCGGGACCCTCCATTGTTACTTATTAGGTTCTCGTTATGTCTCATAATCTCAGTGCTGGTGTGATAAGCAAACCACCATACTGGCACGAAGTTCACAGAAGTGAGATTATGCCTCGTTTGGCAGTCTTGATGCTCGGGGGACACTTCTT	0.000943	0.000228	0.005235	1060	1	0	1	1.000000	0.794105	LowConfidence
chr1:299-598_INS_99bp_maxpath400	MNV	AACAGCTCAGGAGCCAGTCCCCTACGTCGCATATCCTGGCCACTGGAGGTGAAGCGAATGGTATCGATACGTAGGAGGTGTGCCTTCGTAGGCTGTTTCTCAGGACGCCCAACTATTCTTTCCAATCCTACATCTGTTTCTTGCGTCGTAGCGGGACCCTCCATTGTTACTTATTAGGTTCTCGTTATGTCTCATAATCTCAGTGCTGGTGTGATAAGCAAACCACCCTACTGGCACGAAGTTCACAGAAGTGAGATTATGTCTCGTTTGGCAGTCTTGATGCTCGGGGGACACTTCTT	AACAGCTCAGGAGCCAGTCCCCTACGTCGCATATCCTGGCCACTGGAGGTGAAGCGAATGGTATCGATACGTAGGAGGTGTGCCTTCGTAGGCTGTTTCTCAGGACGCCCAACTATTCTTTCCAATCCTACATCTGTTTCTTGCGTCGTAGCGGGACCCTCCATTGTTACTTATTAGGTTCTCGTTATGTCTCATAATCTCAGTGCTGGTGTGATAAGCAAACCACACTACTGGCACGAAGTTCACAGAAGTGAGATTATGTCTCATTTGGCAGTCTTGATGCTCGGGGGACACTTCTT	0.000943	0.000228	0.005235	1060	1	0	1	1.000000	0.794105	LowConfidence
chr1:299-598_INS_99bp_maxpath400	MNV	AACAGCTCAGGAGCCAGTCCCCTACGTCGCATATCCTGGCCACTGGAGGTGAAGCGAATGGTATCGATACGTAGGAGGTGTGCCTTCGTAGGCTGTTTCTCAGGACGCCCAACTATTCTTTCCAATCCTACATCTGTTTCTTGCGTCGTAGCGGGACCCTCCATTGTTACTTATTAGGTTCTCGTTATGTCTCATAATCTCAGTGCTGGTGTGATAAGCAAACCACCCTACTGGCACGAAGTTCACAGAAGTGAGATTATGTCTCGTTTGGCAGTCTTGATGCTCGGGGGACACTTCTT	AACAGCTCAGGAGCCAGTCCCCTACGTCGCATATCCTGGCCACTGGAGGTGAAGCGAATGGTATCGATACGTAGGAGGTGTGCCTTCGTAGGCTGTTTCTCAGGACGCCCAACTATTCTTTCCAATCCTACATCTGTTTCTTGCGTCGTAGCGGGACCCTCCATTGTTACTTATTAGGTTCTCGTTATGTCTCATAATCTCAGTGCTGGTGTGATAAGCAAACCATCCTACTGGCACGAAGTTCACAGAAGTGAGATTATGTCTCATTTGGCAGTCTTGATGCTCGGGGGACACTTCTT	0.000943	0.000228	0.005235	1060	1	0	1	1.000000	0.794105	LowConfidence
chr1:299-598_INS_99bp_maxpath400	MNV	AACAGCTCAGGAGCCAGTCCCCTACGTCGCATATCCTGGCCACTGGAGGTGAAGCGAATGGTATCGATACGTAGGAGGTGTGCCTTCGTAGGCTGTTTCTCAGGACGCCCAACTATTCTTTCCAATCCTACATCTGTTTCTTGCGTCGTAGCGGGACCCTCCATTGTTACTTATTAGGTTCTCGTTATGTCTCATAATCTCAGTGCTGGTGTGATAAGCAAACCACCCTACTGGCACGAAGTTCACAGAAGTGAGATTATGTCTCGTTTGGCAGTCTTGATGCTCGGGGGACACTTCTT	AACAGCTCAGGAGCCAGTCCCCTACGTCGCATATCCTGGCCACTGGAGGTGAAGCGAATGGTATCGATACGTAGGAGGTGTGCCTTCGTAGGCTGTTTCTCAGGACGCCCAACTATTCTTTCCAATCCTACATCTGTTTCTTGCGTCGTAGCGGGACCCTCCATTGTTACTTATTAGGTTCTCGTTATGTCTCATAATCTCAGTGCTGGTGTGATAAGCAAACCACCCCACTGGCACGAAGTTCACAGAAGTGAGATTATTTCTCGTTTGGCAGTCTTGATGCTCGGGGGACACTTCTT	0.000943	0.000228	0.005235	1060	1	0	1	1.000000	0.794105	LowConfidence
chr1:299-598_INS_99bp_maxpath400	MNV	AACAGCTCAGGAGCCAGTCCCCTACGTCGCATATCCTGGCCACTGGAGGTGAAGCGAATGGTATCGATACGTAGGAGGTGTGCCTTCGTAGGCTGTTTCTCAGGACGCCCAACTATTCTTTCCAATCCTACATCTGTTTCTTGCGTCGTAGCGGGACCCTCCATTGTTACTTATTAGGTTCTCGTTATGTCTCATAATCTCAGTGCTGGTGTGATAAGCAAACCACCCTACTGGCACGAAGTTCACAGAAGTGAGATTATGTCTCGTTTGGCAGTCTTGATGCTCGGGGGACACTTCTT	AACAGCTCAGGAGCCAGTCCCCTACGTCGCATATCCTGGCCACTGGAGGTGAAGCGAATGGTATCGATACGTAGGAGGTGTGCCTTCGTAGGCTGTTTCTCAGGACGCCCAACTATTCTTTCCAATCCTACATCTGTTTCTTGCGTCGTAGCGGGACCCTCCATTGTTACTTATTAGGTTCTCGTTATGTCTCATAATCTCAGTGCTGGTGTGATAAGCAAACCACCCGACTGGCACGAAGTTCACAGAAGTGAGATTATTTCTCGTTTGGCAGTCTTGATGCTCGGGGGACACTTCTT	0.000943	0.000228	0.005235	1060	1	0	1	0.344627	0.794105	LowConfidence
chr1:299-598_INS_99bp_maxpath400	MNV	AACAGCTCAGGAGCCAGTCCCCTACGTCGCATATCCTGGCCACTGGAGGTGAAGCGAATGGTATCGATACGTAGGAGGTGTGCCTTCGTAGGCTGTTTCTCAGGACGCCCAACTATTCTTTCCAATCCTACATCTGTTTCTTGCGTCGTAGCGGGACCCTCCATTGTTACTTATTAGGTTCTCGTTATGTCTCATAATCTCAGTGCTGGTGTGATAAGCAAACCACCCTACTGGCACGAAGTTCACAGAAGTGAGATTATGTCTCGTTTGGCAGTCTTGATGCTCGGGGGACACTTCTT	AACAGCTCAGGAGCCAGTCCCCTACGTCGCATATCCTGGCCACTGGAGGTGAAGCGAATGGTATCGATACGTAGGAGGTGTGCCTTCGTAGGCTGTTTCTCAGGACGCCCAACTATTCTTTCCAATCCTACATCTGTTTCTTGCGTCGTAGCGGGACCCTCCATTGTTACTTATTAGGTTCTCGTTATGTCTCATAATCTCAGTGCTGGTGTGATAAGCAAACCACCATACTGGCACGAAGTTCACAGAAGTGAGATTATGTCACGTTTGGCAGTCTTGATGCTCGGGGGACACTTCTT	0.000943	0.000228	0.005235	1060	1	0	1	1.000000	0.794105	LowConfidence
chr1:299-598_INS_99bp_maxpath400	MNV	AACAGCTCAGGAGCCAGTCCCCTACGTCGCATATCCTGGCCACTGGAGGTGAAGCGAATGGTATCGATACGTAGGAGGTGTGCCTTCGTAGGCTGTTTCTCAGGACGCCCAACTATTCTTTCCAATCCTACATCTGTTTCTTGCGTCGTAGCGGGACCCTCCATTGTTACTTATTAGGTTCTCGTTATGTCTCATAATCTCAGTGCTGGTGTGATAAGCAAACCACCCTACTGGCACGAAGTTCACAGAAGTGAGATTATGTCTCGTTTGGCAGTCTTGATGCTCGGGGGACACTTCTT	AACAGCTCAGGAGCCAGTCCCCTACGTCGCATATCCTGGCCACTGGAGGTGAAGCGAATGGTATCGATACGTAGGAGGTGTGCCTTCGTAGGCTGTTTCTCAGGACGCCCAACTATTCTTTCCAATCCTACATCTGTTTCTTGCGTCGTAGCGGGACCCTCCATTGTTACTTATTAGGTTCTCGTTATGTCTCATAATCTCAGTGCTGGTGTGATAAGCAAACCACCCCACTGGCACGAAGTTCACAGAAGTGAGATTATGCCTCGTTTGGCAGTCTTGATGCTCGGGGGACACTTCTT	0.000943	0.000228	0.005235	1060	1	0	1	1.000000	0.794105	LowConfidence
chr1:299-598_INS_99bp_maxpath400	MNV	AACAGCTCAGGAGCCAGTCCCCTACGTCGCATATCCTGGCCACTGGAGGTGAAGCGAATGGTATCGATACGTAGGAGGTGTGCCTTCGTAGGCTGTTTCTCAGGACGCCCAACTATTCTTTCCAATCCTACATCTGTTTCTTGCGTCGTAGCGGGACCCTCCATTGTTACTTATTAGGTTCTCGTTATGTCTCATAATCTCAGTGCTGGTGTGATAAGCAAACCACCCTACTGGCACGAAGTTCACAGAAGTGAGATTATGTCTCGTTTGGCAGTCTTGATGCTCGGGGGACACTTCTT	AACAGCTCAGGAGCCAGTCCCCTACGTCGCATATCCTGGCCACTGGAGGTGAAGCGAATGGTATCGATACGTAGGAGGTGTGCCTTCGTAGGCTGTTTCTCAGGACGCCCAACTATTCTTTCCAATCCTACATCTGTTTCTTGCGTCGTAGCGGGACCCTCCATTGTTACTTATTAGGTTCTCGTTATGTCTCATAATCTCAGTGCTGGTGTGATAAGCAAACCACCCGACTGGCACGAAGTTCACAGAAGTGAGATTATGCCTCGTTTGGCAGTCTTGATGCTCGGGGGACACTTCTT	0.000943	0.000228	0.005235	1060	1	0	1	0.344627	0.794105	LowConfidence
chr1:299-598_INS_99bp_maxpath400	MNV	AACAGCTCAGGAGCCAGTCCCCTACGTCGCATATCCTGGCCACTGGAGGTGAAGCGAATGGTATCGATACGTAGGAGGTGTGCCTTCGTAGGCTGTTTCTCAGGACGCCCAACTATTCTTTCCAATCCTACATCTGTTTCTTGCGTCGTAGCGGGACCCTCCATTGTTACTTATTAGGTTCTCGTTATGTCTCATAATCTCAGTGCTGGTGTGATAAGCAAACCACCCTACTGGCACGAAGTTCACAGAAGTGAGATTATGTCTCGTTTGGCAGTCTTGATGCTCGGGGGACACTTCTT	AACAGCTCAGGAGCCAGTCCCCTACGTCGCATATCCTGGCCACTGGAGGTGAAGCGAATGGTATCGATACGTAGGAGGTGTGCCTTCGTAGGCTGTTTCTCAGGACGCCCAACTATTCTTTCCAATCCTACATCTGTTTCTTGCGTCGTAGCGGGACCCTCCATTGTTACTTATTAGGTTCTCGTTATGTCTCATAATCTCAGTGCTGGTGTGATAAGCAAACCACCATACTGGCACGAAGTTCACAGAAGTGAGATTATGTCGCGTTTGGCAGTCTTGATGCTCGGGGGACACTTCTT	0.000943	0.000228	0.005235	1060	1	0	1	1.000000	0.794105	LowConfidence
chr1:299-598_INS_99bp_maxpath400	MNV	AACAGCTCAGGAGCCAGTCCCCTACGTCGCATATCCTGGCCACTGGAGGTGAAGCGAATGGTATCGATACGTAGGAGGTGTGCCTTCGTAGGCTGTTTCTCAGGACGCCCAACTATTCTTTCCAATCCTACATCTGTTTCTTGCGTCGTAGCGGGACCCTCCATTGTTACTTATTAGGTTCTCGTTATGTCTCATAATCTCAGTGCTGGTGTGATAAGCAAACCACCCTACTGGCACGAAGTTCACAGAAGTGAGATTATGTCTCGTTTGGCAGTCTTGATGCTCGGGGGACACTTCTT	AACAGCTCAGGAGCCAGTCCCCTACGTCGCATATCCTGGCCACTGGAGGTGAAGCGAATGGTATCGATACGTAGGAGGTGTGCCTTCGTAGGCTGTTTCTCAGGACGCCCAACTATTCTTTCCAATCCTACATCTGTTTCTTGCGTCGTAGCGGGACCCTCCATTGTTACTTATTAGGTTCTCGTTATGTCTCATAATCTCAGTGCTGGTGTGATAAGCAAACCACCCTGCTGGCACGAAGTTCACAGAAGTGAGATTATTTCTCGTTTGGCAGTCTTGATGCTCGGGGGACACTTCTT	0.000943	0.000228	0.005235	1060	1	0	1	0.344627	0.794105	LowConfidence
chr1:299-598_INS_99bp_maxpath400	MNV	AACAGCTCAGGAGCCAGTCCCCTACGTCGCATATCCTGGCCACTGGAGGTGAAGCGAATGGTATCGATACGTAGGAGGTGTGCCTTCGTAGGCTGTTTCTCAGGACGCCCAACTATTCTTTCCAATCCTACATCTGTTTCTTGCGTCGTAGCGGGACCCTCCATTGTTACTTATTAGGTTCTCGTTATGTCTCATAATCTCAGTGCTGGTGTGATAAGCAAACCACCCTACTGGCACGAAGTTCACAGAAGTGAGATTATGTCTCGTTTGGCAGTCTTGATGCTCGGGGGACACTTCTT	AACAGCTCAGGAGCCAGTCCCCTACGTCGCATATCCTGGCCACTGGAGGTGAAGCGAATGGTATCGATACGTAGGAGGTGTGCCTTCGTAGGCTGTTTCTCAGGACGCCCAACTATTCTTTCCAATCCTACATCTGTTTCTTGCGTCGTAGCGGGACCCTCCATTGTTACTTATTAGGTTCTCGTTATGTCTCATAATCTCAGTGCTGGTGTGATAAGCAAACCTCCCTACTGGCACGAAGTTCACAGAAGTGAGATTATGTCTCGTCTGGCAGTCTTGATGCTCGGGGGACACTTCTT	0.000943	0.000228	0.005235	1060	1	0	1	0.344627	0.794105	LowConfidence
chr1:299-598_INS_99bp_maxpath400	MNV	AACAGCTCAGGAGCCAGTCCCCTACGTCGCATATCCTGGCCACTGGAGGTGAAGCGAATGGTATCGATACGTAGGAGGTGTGCCTTCGTAGGCTGTTTCTCAGGACGCCCAACTATTCTTTCCAATCCTACATCTGTTTCTTGCGTCGTAGCGGGACCCTCCATTGTTACTTATTAGGTTCTCGTTATGTCTCATAATCTCAGTGCTGGTGTGATAAGCAAACCACCCTACTGGCACGAAGTTCACAGAAGTGAGATTATGTCTCGTTTGGCAGTCTTGATGCTCGGGGGACACTTCTT	AACAGCTCAGGAGCCAGTCCCCTACGTCGCATATCCTGGCCACTGGAGGTGAAGCGAATGGTATCGATACGTAGGAGGTGTGCCTTCGTAGGCTGTTTCTCAGGACGCCCAACTATTCTTTCCAATCCTACATCTGTTTCTTGCGTCGTAGCGGGACCCTCCATTGTTACTTATTAGGTTCTCGTTATGTCTCATAATCTCAGTGCTGGTGTGATAAGCAAACCACCATACTGGCACGAAGTTCACAGAAGTGAGATTATGTCTCATTTGGCAGTCTTGATGCTCGGGGGACACTTCTT	0.000943	0.000228	0.005235	1060	1	0	1	1.000000	0.794105	LowConfidence
chr1:299-598_INS_99bp_maxpath400	MNV	AACAGCTCAGGAGCCAGTCCCCTACGTCGCATATCCTGGCCACTGGAGGTGAAGCGAATGGTATCGATACGTAGGAGGTGTGCCTTCGTAGGCTGTTTCTCAGGACGCCCAACTATTCTTTCCAATCCTACATCTGTTTCTTGCGTCGTAGCGGGACCCTCCATTGTTACTTATTAGGTTCTCGTTATGTCTCATAATCTCAGTGCTGGTGTGATAAGCAAACCACCCTACTGGCACGAAGTTCACAGAAGTGAGATTATGTCTCGTTTGGCAGTCTTGATGCTCGGGGGACACTTCTT	AACAGCTCAGGAGCCAGTCCCCTACGTCGCATATCCTGGCCACTGGAGGTGAAGCGAATGGTATCGATACGTAGGAGGTGTGCCTTCGTAGGCTGTTTCTCAGGACGCCCAACTATTCTTTCCAATCCTACATCTGTTTCTTGCGTCGTAGCGGGACCCTCCATTGTTACTTATTAGGTTCTCGTTATGTCTCATAATCTCAGTGCTGGTGTGATAAGCAAACGACCCTACTGGCACGAAGTTCACAGAAGTGAGATTATGTCTCGTCTGGCAGTCTTGATGCTCGGGGGACACTTCTT	0.000943	0.000228	0.005235	1060	1	0	1	0.344627	0.794105	LowConfidence
chr1:299-598_INS_99bp_maxpath400	MNV	AACAGCTCAGGAGCCAGTCCCCTACGTCGCATATCCTGGCCACTGGAGGTGAAGCGAATGGTATCGATACGTAGGAGGTGTGCCTTCGTAGGCTGTTTCTCAGGACGCCCAACTATTCTTTCCAATCCTACATCTGTTTCTTGCGTCGTAGCGGGACCCTCCATTGTTACTTATTAGGTTCTCGTTATGTCTCATAATCTCAGTGCTGGTGTGATAAGCAAACCACCCTACTGGCACGAAGTTCACAGAAGTGAGATTATGTCTCGTTTGGCAGTCTTGATGCTCGGGGGACACTTCTT	AACAGCTCAGGAGCCAGTCCCCTACGTCGCATATCCTGGCCACTGGAGGTGAAGCGAATGGTATCGATACGTAGGAGGTGTGCCTTCGTAGGCTGTTTCTCAGGACGCCCAACTATTCTTTCCAATCCTACATCTGTTTCTTGCGTCGTAGCGGGACCCTCCATTGTTACTTATTAGGTTCTCGTTATGTCTCATAATCTCAGTGCTGGTGTGATAAGCAAACCACCCCACTGGCACGAAGTTCACAGAAGTGAGATTATGTCACGTTTGGCAGTCTTGATGCTCGGGGGACACTTCTT	0.000943	0.000228	0.005235	1060	1	0	1	1.000000	0.794105	LowConfidence
chr1:299-598_INS_99bp_maxpath400	MNV	AACAGCTCAGGAGCCAGTCCCCTACGTCGCATATCCTGGCCACTGGAGGTGAAGCGAATGGTATCGATACGTAGGAGGTGTGCCTTCGTAGGCTGTTTCTCAGGACGCCCAACTATTCTTTCCAATCCTACATCTGTTTCTTGCGTCGTAGCGGGACCCTCCATTGTTACTTATTAGGTTCTCGTTATGTCTCATAATCTCAGTGCTGGTGTGATAAGCAAACCACCCTACTGGCACGAAGTTCACAGAAGTGAGATTATGTCTCGTTTGGCAGTCTTGATGCTCGGGGGACACTTCTT	AACAGCTCAGGAGCCAGTCCCCTACGTCGCATATCCTGGCCACTGGAGGTGAAGCGAATGGTATCGATACGTAGGAGGTGTGCCTTCGTAGGCTGTTTCTCAGGACGCCCAACTATTCTTTCCAATCCTACATCTGTTTCTTGCGTCGTAGCGGGACCCTCCATTGTTACTTATTAGGTTCTCGTTATGTCTCATAATCTCAGTGCTGGTGTGATAAGCAAACCACCCGACTGGCACGAAGTTCACAGAAGTGAGATTATGTCACGTTTGGCAGTCTTGATGCTCGGGGGACACTTCTT	0.000943	0.000228	0.005235	1060	1	0	1	0.344627	0.794105	LowConfidence
chr1:299-598_INS_99bp_maxpath400	MNV	AACAGCTCAGGAGCCAGTCCCCTACGTCGCATATCCTGGCCACTGGAGGTGAAGCGAATGGTATCGATACGTAGGAGGTGTGCCTTCGTAGGCTGTTTCTCAGGACGCCCAACTATTCTTTCCAATCCTACATCTGTTTCTTGCGTCGTAGCGGGACCCTCCATTGTTACTTATTAGGTTCTCGTTATGTCTCATAATCTCAGTGCTGGTGTGATAAGCAAACCACCCTACTGGCACGAAGTTCACAGAAGTGAGATTATGTCTCGTTTGGCAGTCTTGATGCTCGGGGGACACTTCTT	AACAGCTCAGGAGCCAGTCCCCTACGTCGCATATCCTGGCCACTGGAGGTGAAGCGAATGGTATCGATACGTAGGAGGTGTGCCTTCGTAGGCTGTTTCTCAGGACGCCCAACTATTCTTTCCAATCCTACATCTGTTTCTTGCGTCGTAGCGGGACCCTCCATTGTTACTTATTAGGTTCTCGTTATGTCTCATAATCTCAGTGCTGGTGTGATAAGCAAACCACCCTGCTGGCACGAAGTTCACAGAAGTGAGATTATGCCTCGTTTGGCAGTCTTGATGCTCGGGGGACACTTCTT	0.000943	0.000228	0.005235	1060	1	0	1	0.344627	0.794105	LowConfidence
chr1:299-598_INS_99bp_maxpath400	MNV	AACAGCTCAGGAGCCAGTCCCCTACGTCGCATATCCTGGCCACTGGAGGTGAAGCGAATGGTATCGATACGTAGGAGGTGTGCCTTCGTAGGCTGTTTCTCAGGACGCCCAACTATTCTTTCCAATCCTACATCTGTTTCTTGCGTCGTAGCGGGACCCTCCATTGTTACTTATTAGGTTCTCGTTATGTCTCATAATCTCAGTGCTGGTGTGATAAGCAAACCACCCTACTGGCACGAAGTTCACAGAAGTGAGATTATGTCTCGTTTGGCAGTCTTGATGCTCGGGGGACACTTCTT	AACAGCTCAGGAGCCAGTCCCCTACGTCGCATATCCTGGCCACTGGAGGTGAAGCGAATGGTATCGATACGTAGGAGGTGTGCCTTCGTAGGCTGTTTCTCAGGACGCCCAACTATTCTTTCCAATCCTACATCTGTTTCTTGCGTCGTAGCGGGACCCTCCATTGTTACTTATTAGGTTCTCGTTATGTCTCATAATCTCAGTGCTGGTGTGATAAGCAAACCACCCCACTGGCACGAAGTTCACAGAAGTGAGATTATGTCGCGTTTGGCAGTCTTGATGCTCGGGGGACACTTCTT	0.000943	0.000228	0.005235	1060	1	0	1	1.000000	0.794105	LowConfidence
chr1:299-598_INS_99bp_maxpath400	MNV	AACAGCTCAGGAGCCAGTCCCCTACGTCGCATATCCTGGCCACTGGAGGTGAAGCGAATGGTATCGATACGTAGGAGGTGTGCCTTCGTAGGCTGTTTCTCAGGACGCCCAACTATTCTTTCCAATCCTACATCTGTTTCTTGCGTCGTAGCGGGACCCTCCATTGTTACTTATTAGGTTCTCGTTATGTCTCATAATCTCAGTGCTGGTGTGATAAGCAAACCACCCTACTGGCACGAAGTTCACAGAAGTGAGATTATGTCTCGTTTGGCAGTCTTGATGCTCGGGGGACACTTCTT	AACAGCTCAGGAGCCAGTCCCCTACGTCGCATATCCTGGCCACTGGAGGTGAAGCGAATGGTATCGATACGTAGGAGGTGTGCCTTCGTAGGCTGTTTCTCAGGACGCCCAACTATTCTTTCCAATCCTACATCTGTTTCTTGCGTCGTAGCGGGACCCTCCATTGTTACTTATTAGGTTCTCGTTATGTCTCATAATCTCAGTGCTGGTGTGATAAGCAAACCACCCGACTGGCACGAAGTTCACAGAAGTGAGATTATGTCGCGTTTGGCAGTCTTGATGCTCGGGGGACACTTCTT	0.000943	0.000228	0.005235	1060	1	0	1	1.000000	0.794105	LowConfidence
chr1:299-598_INS_99bp_maxpath400	MNV	AACAGCTCAGGAGCCAGTCCCCTACGTCGCATATCCTGGCCACTGGAGGTGAAGCGAATGGTATCGATACGTAGGAGGTGTGCCTTCGTAGGCTGTTTCTCAGGACGCCCAACTATTCTTTCCAATCCTACATCTGTTTCTTGCGTCGTAGCGGGACCCTCCATTGTTACTTATTAGGTTCTCGTTATGTCTCATAATCTCAGTGCTGGTGTGATAAGCAAACCACCCTACTGGCACGAAGTTCACAGAAGTGAGATTATGTCTCGTTTGGCAGTCTTGATGCTCGGGGGACACTTCTT	AACAGCTCAGGAGCCAGTCCCCTACGTCGCATATCCTGGCCACTGGAGGTGAAGCGAATGGTATCGATACGTAGGAGGTGTGCCTTCGTAGGCTGTTTCTCAGGACGCCCAACTATTCTTTCCAATCCTACATCTGTTTCTTGCGTCGTAGCGGGACCCTCCATTGTTACTTATTAGGTTCTCGTTATGTCTCATAATCTCAGTGCTGGTGTGATAAGCAAACCACACTACTGGCACGAAGTTCACAGAAGTGAGATTATGTCTCGTCTGGCAGTCTTGATGCTCGGGGGACACTTCTT	0.000943	0.000228	0.005235	1060	1	0	1	0.344627	0.794105	LowConfidence
chr1:299-598_INS_99bp_maxpath400	MNV	AACAGCTCAGGAGCCAGTCCCCTACGTCGCATATCCTGGCCACTGGAGGTGAAGCGAATGGTATCGATACGTAGGAGGTGTGCCTTCGTAGGCTGTTTCTCAGGACGCCCAACTATTCTTTCCAATCCTACATCTGTTTCTTGCGTCGTAGCGGGACCCTCCATTGTTACTTATTAGGTTCTCGTTATGTCTCATAATCTCAGTGCTGGTGTGATAAGCAAACCACCCTACTGGCACGAAGTTCACAGAAGTGAGATTATGTCTCGTTTGGCAGTCTTGATGCTCGGGGGACACTTCTT	AACAGCTCAGGAGCCAGTCCCCTACGTCGCATATCCTGGCCACTGGAGGTGAAGCGAATGGTATCGATACGTAGGAGGTGTGCCTTCGTAGGCTGTTTCTCAGGACGCCCAACTATTCTTTCCAATCCTACATCTGTTTCTTGCGTCGTAGCGGGACCCTCCATTGTTACTTATTAGGTTCTCGTTATGTCTCATAATCTCAGTGCTGGTGTGATAAGCAAACCATCCTACTGGCACGAAGTTCACAGAAGTGAGATTATGTCTCGTCTGGCAGTCTTGATGCTCGGGGGACACTTCTT	0.000943	0.000228	0.005235	1060	1	0	1	0.344627	0.794105	LowConfidence
chr1:299-598_INS_99bp_maxpath400	MNV	AACAGCTCAGGAGCCAGTCCCCTACGTCGCATATCCTGGCCACTGGAGGTGAAGCGAATGGTATCGATACGTAGGAGGTGTGCCTTCGTAGGCTGTTTCTCAGGACGCCCAACTATTCTTTCCAATCCTACATCTGTTTCTTGCGTCGTAGCGGGACCCTCCATTGTTACTTATTAGGTTCTCGTTATGTCTCATAATCTCAGTGCTGGTGTGATAAGCAAACCACCCTACTGGCACGAAGTTCACAGAAGTGAGATTATGTCTCGTTTGGCAGTCTTGATGCTCGGGGGACACTTCTT	AACAGCTCAGGAGCCAGTCCCCTACGTCGCATATCCTGGCCACTGGAGGTGAAGCGAATGGTATCGATACGTAGGAGGTGTGCCTTCGTAGGCTGTTTCTCAGGACGCCCAACTATTCTTTCCAATCCTACATCTGTTTCTTGCGTCGTAGCGGGACCCTCCATTGTTACTTATTAGGTTCTCGTTATGTCTCATAATCTCAGTGCTGGTGTGATAAGCAAACCACCCCACTGGCACGAAGTTCACAGAAGTGAGATTATGTCTCATTTGGCAGTCTTGATGCTCGGGGGACACTTCTT	0.000943	0.000228	0.005235	1060	1	0	1	1.000000	0.794105	LowConfidence
chr1:299-598_INS_99bp_maxpath400	MNV	AACAGCTCAGGAGCCAGTCCCCTACGTCGCATATCCTGGCCACTGGAGGTGAAGCGAATGGTATCGATACGTAGGAGGTGTGCCTTCGTAGGCTGTTTCTCAGGACGCCCAACTATTCTTTCCAATCCTACATCTGTTTCTTGCGTCGTAGCGGGACCCTCCATTGTTACTTATTAGGTTCTCGTTATGTCTCATAATCTCAGTGCTGGTGTGATAAGCAAACCACCCTACTGGCACGAAGTTCACAGAAGTGAGATTATGTCTCGTTTGGCAGTCTTGATGCTCGGGGGACACTTCTT	AACAGCTCAGGAGCCAGTCCCCTACGTCGCATATCCTGGCCACTGGAGGTGAAGCGAATGGTATCGATACGTAGGAGGTGTGCCTTCGTAGGCTGTTTCTCAGGACGCCCAACTATTCTTTCCAATCCTACATCTGTTTCTTGCGTCGTAGCGGGACCCTCCATTGTTACTTATTAGGTTCTCGTTATGTCTCATAATCTCAGTGCTGGTGTGATAAGCAAACCACCCGACTGGCACGAAGTTCACAGAAGTGAGATTATGTCTCATTTGGCAGTCTTGATGCTCGGGGGACACTTCTT	0.000943	0.000228	0.005235	1060	1	0	1	1.000000	0.794105	LowConfidence
chr1:299-598_INS_99bp_maxpath400	MNV	AACAGCTCAGGAGCCAGTCCCCTACGTCGCATATCCTGGCCACTGGAGGTGAAGCGAATGGTATCGATACGTAGGAGGTGTGCCTTCGTAGGCTGTTTCTCAGGACGCCCAACTATTCTTTCCAATCCTACATCTGTTTCTTGCGTCGTAGCGGGACCCTCCATTGTTACTTATTAGGTTCTCGTTATGTCTCATAATCTCAGTGCTGGTGTGATAAGCAAACCACCCTACTGGCACGAAGTTCACAGAAGTGAGATTATGTCTCGTTTGGCAGTCTTGATGCTCGGGGGACACTTCTT	AACAGCTCAGGAGCCAGTCCCCTACGTCGCATATCCTGGCCACTGGAGGTGAAGCGAATGGTATCGATACGTAGGAGGTGTGCCTTCGTAGGCTGTTTCTCAGGACGCCCAACTATTCTTTCCAATCCTACATCTGTTTCTTGCGTCGTAGCGGGACCCTCCATTGTTACTTATTAGGTTCTCGTTATGTCTCATAATCTCAGTGCTGGTGTGATAAGCAAACCACCCTGCTGGCACGAAGTTCACAGAAGTGAGATTATGTCACGTTTGGCAGTCTTGATGCTCGGGGGACACTTCTT	0.000943	0.000228	0.005235	1060	1	0	1	0.344627	0.794105	LowConfidence
chr1:299-598_INS_99bp_maxpath400	MNV	AACAGCTCAGGAGCCAGTCCCCTACGTCGCATATCCTGGCCACTGGAGGTGAAGCGAATGGTATCGATACGTAGGAGGTGTGCCTTCGTAGGCTGTTTCTCAGGACGCCCAACTATTCTTTCCAATCCTACATCTGTTTCTTGCGTCGTAGCGGGACCCTCCATTGTTACTTATTAGGTTCTCGTTATGTCTCATAATCTCAGTGCTGGTGTGATAAGCAAACCACCCTACTGGCACGAAGTTCACAGAAGTGAGATTATGTCTCGTTTGGCAGTCTTGATGCTCGGGGGACACTTCTT	AACAGCTCAGGAGCCAGTCCCCTACGTCGCATATCCTGGCCACTGGAGGTGAAGCGAATGGTATCGATACGTAGGAGGTGTGCCTTCGTAGGCTGTTTCTCAGGACGCCCAACTATTCTTTCCAATCCTACATCTGTTTCTTGCGTCGTAGCGGGACCCTCCATTGTTACTTATTAGGTTCTCGTTATGTCTCATAATCTCAGTGCTGGTGTGATAAGCAAACCACCCTGCTGGCACGAAGTTCACAGAAGTGAGATTATGTCGCGTTTGGCAGTCTTGATGCTCGGGGGACACTTCTT	0.000943	0.000228	0.005235	1060	1	0	1	1.000000	0.794105	LowConfidence
chr1:299-598_INS_99bp_maxpath400	MNV	AACAGCTCAGGAGCCAGTCCCCTACGTCGCATATCCTGGCCACTGGAGGTGAAGCGAATGGTATCGATACGTAGGAGGTGTGCCTTCGTAGGCTGTTTCTCAGGACGCCCAACTATTCTTTCCAATCCTACATCTGTTTCTTGCGTCGTAGCGGGACCCTCCATTGTTACTTATTAGGTTCTCGTTATGTCTCATAATCTCAGTGCTGGTGTGATAAGCAAACCACCCTACTGGCACGAAGTTCACAGAAGTGAGATTATGTCTCGTTTGGCAGTCTTGATGCTCGGGGGACACTTCTT	AACAGCTCAGGAGCCAGTCCCCTACGTCGCATATCCTGGCCACTGGAGGTGAAGCGAATGGTATCGATACGTAGGAGGTGTGCCTTCGTAGGCTGTTTCTCAGGACGCCCAACTATTCTTTCCAATCCTACATCTGTTTCTTGCGTCGTAGCGGGACCCTCCATTGTTACTTATTAGGTTCTCGTTATGTCTCATAATCTCAGTGCTGGTGTGATAAGCAAACCACCCTGCTGGCACGAAGTTCACAGAAGTGAGATTATGTCTCATTTGGCAGTCTTGATGCTCGGGGGACACTTCTT	0.000943	0.000228	0.005235	1060	1	0	1	1.000000	0.794105	LowConfidence
chr1:299-598_INS_99bp_maxpath400	MNV	AACAGCTCAGGAGCCAGTCCCCTACGTCGCATATCCTGGCCACTGGAGGTGAAGCGAATGGTATCGATACGTAGGAGGTGTGCCTTCGTAGGCTGTTTCTCAGGACGCCCAACTATTCTTTCCAATCCTACATCTGTTTCTTGCGTCGTAGCGGGACCCTCCATTGTTACTTATTAGGTTCTCGTTATGTCTCATAATCTCAGTGCTGGTGTGATAAGCAAACCACCCTACTGGCACGAAGTTCACAGAAGTGAGATTATGTCTCGTTTGGCAGTCTTGATGCTCGGGGGACACTTCTT	AACAGCTCAGGAGCCAGTCCCCTACGTCGCATATCCTGGCCACTGGAGGTGAAGCGAATGGTATCGATACGTAGGAGGTGTGCCTTCGTAGGCTGTTTCTCAGGACGCCCAACTATTCTTTCCAATCCTACATCTGTTTCTTGCGTCGTAGCGGGACCCTCCATTGTTACTTATTAGGTTCTCGTTATGTCTCATAATCTCAGTGCTGGTGTGATAAGCAAACCACCATACTGGCACGAAGTTCACAGAAGTGAGATTATGTCTCGTCTGGCAGTCTTGATGCTCGGGGGACACTTCTT	0.000943	0.000228	0.005235	1060	1	0	1	1.000000	0.794105	LowConfidence
chr1:299-598_INS_99bp_maxpath400	MNV	AACAGCTCAGGAGCCAGTCCCCTACGTCGCATATCCTGGCCACTGGAGGTGAAGCGAATGGTATCGATACGTAGGAGGTGTGCCTTCGTAGGCTGTTTCTCAGGACGCCCAACTATTCTTTCCAATCCTACATCTGTTTCTTGCGTCGTAGCGGGACCCTCCATTGTTACTTATTAGGTTCTCGTTATGTCTCATAATCTCAGTGCTGGTGTGATAAGCAAACCACCCTACTGGCACGAAGTTCACAGAAGTGAGATTATGTCTCGTTTGGCAGTCTTGATGCTCGGGGGACACTTCTT	AACAGCTCAGGAGCCAGTCCCCTACGTCGCATATCCTGGCCACTGGAGGTGAAGCGAATGGTATCGATACGTAGGAGGTGTGCCTTCGTAGGCTGTTTCTCAGGACGCCCAACTATTCTTTCCAATCCTACATCTGTTTCTTGCGTCGTAGCGGGACCCTCCATTGTTACTTATTAGGTTCTCGTTATGTCTCATAATCTCAGTGCTGGTGTGATAAGCAAACCACCCCACTGGCACGAAGTTCACAGAAGTGAGATTATGTCTCGTCTGGCAGTCTTGATGCTCGGGGGACACTTCTT	0.000943	0.000228	0.005235	1060	1	0	1	1.000000	0.794105	LowConfidence
chr1:299-598_INS_99bp_maxpath400	MNV	AACAGCTCAGGAGCCAGTCCCCTACGTCGCATATCCTGGCCACTGGAGGTGAAGCGAATGGTATCGATACGTAGGAGGTGTGCCTTCGTAGGCTGTTTCTCAGGACGCCCAACTATTCTTTCCAATCCTACATCTGTTTCTTGCGTCGTAGCGGGACCCTCCATTGTTACTTATTAGGTTCTCGTTATGTCTCATAATCTCAGTGCTGGTGTGATAAGCAAACCACCCTACTGGCACGAAGTTCACAGAAGTGAGATTATGTCTCGTTTGGCAGTCTTGATGCTCGGGGGACACTTCTT	AACAGCTCAGGAGCCAGTCCCCTACGTCGCATATCCTGGCCACTGGAGGTGAAGCGAATGGTATCGATACGTAGGAGGTGTGCCTTCGTAGGCTGTTTCTCAGGACGCCCAACTATTCTTTCCAATCCTACATCTGTTTCTTGCGTCGTAGCGGGACCCTCCATTGTTACTTATTAGGTTCTCGTTATGTCTCATAATCTCAGTGCTGGTGTGATAAGCAAACCACCCGACTGGCACGAAGTTCACAGAAGTGAGATTATGTCTCGTCTGGCAGTCTTGATGCTCGGGGGACACTTCTT	0.000943	0.000228	0.005235	1060	1	0	1	0.344627	0.794105	LowConfidence
chr1:299-598_INS_99bp_maxpath400	MNV	AACAGCTCAGGAGCCAGTCCCCTACGTCGCATATCCTGGCCACTGGAGGTGAAGCGAATGGTATCGATACGTAGGAGGTGTGCCTTCGTAGGCTGTTTCTCAGGACGCCCAACTATTCTTTCCAATCCTACATCTGTTTCTTGCGTCGTAGCGGGACCCTCCATTGTTACTTATTAGGTTCTCGTTATGTCTCATAATCTCAGTGCTGGTGTGATAAGCAAACCACCCTACTGGCACGAAGTTCACAGAAGTGAGATTATGTCTCGTTTGGCAGTCTTGATGCTCGGGGGACACTTCTT	AACAGCTCAGGAGCCAGTCCCCTACGTCGCATATCCTGGCCACTGGAGGTGAAGCGAATGGTATCGATACGTAGGAGGTGTGCCTTCGTAGGCTGTTTCTCAGGACGCCCAACTATTCTTTCCAATCCTACATCTGTTTCTTGCGTCGTAGCGGGACCCTCCATTGTTACTTATTAGGTTCTCGTTATGTCTCATAATCTCAGTGCTGGTGTGATAAGCAAACCACCCTACCGGCACGAAGTTCACAGAAGTGAGATTATGTCACGTTTGGCAGTCTTGATGCTCGGGGGACACTTCTT	0.000943	0.000228	0.005235	1060	1	0	1	1.000000	0.794105	LowConfidence
chr1:299-598_INS_99bp_maxpath400	MNV	AACAGCTCAGGAGCCAGTCCCCTACGTCGCATATCCTGGCCACTGGAGGTGAAGCGAATGGTATCGATACGTAGGAGGTGTGCCTTCGTAGGCTGTTTCTCAGGACGCCCAACTATTCTTTCCAATCCTACATCTGTTTCTTGCGTCGTAGCGGGACCCTCCATTGTTACTTATTAGGTTCTCGTTATGTCTCATAATCTCAGTGCTGGTGTGATAAGCAAACCACCCTACTGGCACGAAGTTCACAGAAGTGAGATTATGTCTCGTTTGGCAGTCTTGATGCTCGGGGGACACTTCTT	AACAGCTCAGGAGCCAGTCCCCTACGTCGCATATCCTGGCCACTGGAGGTGAAGCGAATGGTATCGATACGTAGGAGGTGTGCCTTCGTAGGCTGTTTCTCAGGACGCCCAACTATTCTTTCCAATCCTACATCTGTTTCTTGCGTCGTAGCGGGACCCTCCATTGTTACTTATTAGGTTCTCGTTATGTCTCATAATCTCAGTGCTGGTGTGATAAGCAAACCACCCTACCGGCACGAAGTTCACAGAAGTGAGATTATGTCGCGTTTGGCAGTCTTGATGCTCGGGGGACACTTCTT	0.000943	0.000228	0.005235	1060	1	0	1	1.000000	0.794105	LowConfidence
chr1:299-598_INS_99bp_maxpath400	MNV	AACAGCTCAGGAGCCAGTCCCCTACGTCGCATATCCTGGCCACTGGAGGTGAAGCGAATGGTATCGATACGTAGGAGGTGTGCCTTCGTAGGCTGTTTCTCAGGACGCCCAACTATTCTTTCCAATCCTACATCTGTTTCTTGCGTCGTAGCGGGACCCTCCATTGTTACTTATTAGGTTCTCGTTATGTCTCATAATCTCAGTGCTGGTGTGATAAGCAAACCACCCTACTGGCACGAAGTTCACAGAAGTGAGATTATGTCTCGTTTGGCAGTCTTGATGCTCGGGGGACACTTCTT	AACAGCTCAGGAGCCAGTCCCCTACGTCGCATATCCTGGCCACTGGAGGTGAAGCGAATGGTATCGATACGTAGGAGGTGTGCCTTCGTAGGCTGTTTCTCAGGACGCCCAACTATTCTTTCCAATCCTACATCTGTTTCTTGCGTCGTAGCGGGACCCTCCATTGTTACTTATTAGGTTCTCGTTATGTCTCATAATCTCAGTGCTGGTGTGATAAGCAAACCACCCTACAGGCACGAAGTTCACAGAAGTGAGATTATGTCACGTTTGGCAGTCTTGATGCTCGGGGGACACTTCTT	0.000943	0.000228	0.005235	1060	1	0	1	1.000000	0.794105	LowConfidence
chr1:299-598_INS_99bp_maxpath400	MNV	AACAGCTCAGGAGCCAGTCCCCTACGTCGCATATCCTGGCCACTGGAGGTGAAGCGAATGGTATCGATACGTAGGAGGTGTGCCTTCGTAGGCTGTTTCTCAGGACGCCCAACTATTCTTTCCAATCCTACATCTGTTTCTTGCGTCGTAGCGGGACCCTCCATTGTTACTTATTAGGTTCTCGTTATGTCTCATAATCTCAGTGCTGGTGTGATAAGCAAACCACCCTACTGGCACGAAGTTCACAGAAGTGAGATTATGTCTCGTTTGGCAGTCTTGATGCTCGGGGGACACTTCTT	AACAGCTCAGGAGCCAGTCCCCTACGTCGCATATCCTGGCCACTGGAGGTGAAGCGAATGGTATCGATACGTAGGAGGTGTGCCTTCGTAGGCTGTTTCTCAGGACGCCCAACTATTCTTTCCAATCCTACATCTGTTTCTTGCGTCGTAGCGGGACCCTCCATTGTTACTTATTAGGTTCTCGTTATGTCTCATAATCTCAGTGCTGGTGTGATAAGCAAACCACCCTACAGGCACGAAGTTCACAGAAGTGAGATTATGTCGCGTTTGGCAGTCTTGATGCTCGGGGGACACTTCTT	0.000943	0.000228	0.005235	1060	1	0	1	1.000000	0.794105	LowConfidence
chr1:299-598_INS_99bp_maxpath400	MNV	AACAGCTCAGGAGCCAGTCCCCTACGTCGCATATCCTGGCCACTGGAGGTGAAGCGAATGGTATCGATACGTAGGAGGTGTGCCTTCGTAGGCTGTTTCTCAGGACGCCCAACTATTCTTTCCAATCCTACATCTGTTTCTTGCGTCGTAGCGGGACCCTCCATTGTTACTTATTAGGTTCTCGTTATGTCTCATAATCTCAGTGCTGGTGTGATAAGCAAACCACCCTACTGGCACGAAGTTCACAGAAGTGAGATTATGTCTCGTTTGGCAGTCTTGATGCTCGGGGGACACTTCTT	AACAGCTCAGGAGCCAGTCCCCTACGTCGCATATCCTGGCCACTGGAGGTGAAGCGAATGGTATCGATACGTAGGAGGTGTGCCTTCGTAGGCTGTTTCTCAGGACGCCCAACTATTCTTTCCAATCCTACATCTGTTTCTTGCGTCGTAGCGGGACCCTCCATTGTTACTTATTAGGTTCTCGTTATGTCTCATAATCTCAGTGCTGGTGTGATAAGCAAACCACCCTACCGGCACGAAGTTCACAGAAGTGAGATTATGTCTCATTTGGCAGTCTTGATGCTCGGGGGACACTTCTT	0.000943	0.000228	0.005235	1060	1	0	1	1.000000	0.794105	LowConfidence
chr1:299-598_INS_99bp_maxpath400	MNV	AACAGCTCAGGAGCCAGTCCCCTACGTCGCATATCCTGGCCACTGGAGGTGAAGCGAATGGTATCGATACGTAGGAGGTGTGCCTTCGTAGGCTGTTTCTCAGGACGCCCAACTATTCTTTCCAATCCTACATCTGTTTCTTGCGTCGTAGCGGGACCCTCCATTGTTACTTATTAGGTTCTCGTTATGTCTCATAATCTCAGTGCTGGTGTGATAAGCAAACCACCCTACTGGCACGAAGTTCACAGAAGTGAGATTATGTCTCGTTTGGCAGTCTTGATGCTCGGGGGACACTTCTT	AACAGCTCAGGAGCCAGTCCCCTACGTCGCATATCCTGGCCACTGGAGGTGAAGCGAATGGTATCGATACGTAGGAGGTGTGCCTTCGTAGGCTGTTTCTCAGGACGCCCAACTATTCTTTCCAATCCTACATCTGTTTCTTGCGTCGTAGCGGGACCCTCCATTGTTACTTATTAGGTTCTCGTTATGTCTCATAATCTCAGTGCTGGTGTGATAAGCAAACCACCCTACAGGCACGAAGTTCACAGAAGTGAGATTATGTCTCATTTGGCAGTCTTGATGCTCGGGGGACACTTCTT	0.000943	0.000228	0.005235	1060	1	0	1	1.000000	0.794105	LowConfidence
chr1:299-598_INS_99bp_maxpath400	MNV	AACAGCTCAGGAGCCAGTCCCCTACGTCGCATATCCTGGCCACTGGAGGTGAAGCGAATGGTATCGATACGTAGGAGGTGTGCCTTCGTAGGCTGTTTCTCAGGACGCCCAACTATTCTTTCCAATCCTACATCTGTTTCTTGCGTCGTAGCGGGACCCTCCATTGTTACTTATTAGGTTCTCGTTATGTCTCATAATCTCAGTGCTGGTGTGATAAGCAAACCACCCTACTGGCACGAAGTTCACAGAAGTGAGATTATGTCTCGTTTGGCAGTCTTGATGCTCGGGGGACACTTCTT	AACAGCTCAGGAGCCAGTCCCCTACGTCGCATATCCTGGCCACTGGAGGTGAAGCGAATGGTATCGATACGTAGGAGGTGTGCCTTCGTAGGCTGTTTCTCAGGACGCCCAACTATTCTTTCCAATCCTACATCTGTTTCTTGCGTCGTAGCGGGACCCTCCATTGTTACTTATTAGGTTCTCGTTATGTCTCATAATCTCAGTGCTGGTGTGATAAGCAAACCACCCTGCTGGCACGAAGTTCACAGAAGTGAGATTATGTCTCGTCTGGCAGTCTTGATGCTCGGGGGACACTTCTT	0.000943	0.000228	0.005235	1060	1	0	1	0.344627	0.794105	LowConfidence
chr1:299-598_INS_99bp_maxpath400	MNV	AACAGCTCAGGAGCCAGTCCCCTACGTCGCATATCCTGGCCACTGGAGGTGAAGCGAATGGTATCGATACGTAGGAGGTGTGCCTTCGTAGGCTGTTTCTCAGGACGCCCAACTATTCTTTCCAATCCTACATCTGTTTCTTGCGTCGTAGCGGGACCCTCCATTGTTACTTATTAGGTTCTCGTTATGTCTCATAATCTCAGTGCTGGTGTGATAAGCAAACCACCCTACTGGCACGAAGTTCACAGAAGTGAGATTATGTCTCGTTTGGCAGTCTTGATGCTCGGGGGACACTTCTT	AACAGCTCAGGAGCCAGTCCCCTACGTCGCATATCCTGGCCACTGGAGGTGAAGCGAATGGTATCGATACGTAGGAGGTGTGCCTTCGTAGGCTGTTTCTCAGGACGCCCAACTATTCTTTCCAATCCTACATCTGTTTCTTGCGTCGTAGCGGGACCCTCCATTGTTACTTATTAGGTTCTCGTTATGTCTCATAATCTCAGTGCTGGTGTGATAAGCAAACCACCCTACTTGCACGAAGTTCACAGAAGTGAGATTATGTCACGTTTGGCAGTCTTGATGCTCGGGGGACACTTCTT	0.000943	0.000228	0.005235	1060	1	0	1	1.000000	0.794105	LowConfidence
chr1:299-598_INS_99bp_maxpath400	MNV	AACAGCTCAGGAGCCAGTCCCCTACGTCGCATATCCTGGCCACTGGAGGTGAAGCGAATGGTATCGATACGTAGGAGGTGTGCCTTCGTAGGCTGTTTCTCAGGACGCCCAACTATTCTTTCCAATCCTACATCTGTTTCTTGCGTCGTAGCGGGACCCTCCATTGTTACTTATTAGGTTCTCGTTATGTCTCATAATCTCAGTGCTGGTGTGATAAGCAAACCACCCTACTGGCACGAAGTTCACAGAAGTGAGATTATGTCTCGTTTGGCAGTCTTGATGCTCGGGGGACACTTCTT	AACAGCTCAGGAGCCAGTCCCCTACGTCGCATATCCTGGCCACTGGAGGTGAAGCGAATGGTATCGATACGTAGGAGGTGTGCCTTCGTAGGCTGTTTCTCAGGACGCCCAACTATTCTTTCCAATCCTACATCTGTTTCTTGCGTCGTAGCGGGACCCTCCATTGTTACTTATTAGGTTCTCGTTATGTCTCATAATCTCAGTGCTGGTGTGATAAGCAAACCACCCTACTTGCACGAAGTTCACAGAAGTGAGATTATGTCGCGTTTGGCAGTCTTGATGCTCGGGGGACACTTCTT	0.000943	0.000228	0.005235	1060	1	0	1	1.000000	0.794105	LowConfidence
chr1:299-598_INS_99bp_maxpath400	MNV	AACAGCTCAGGAGCCAGTCCCCTACGTCGCATATCCTGGCCACTGGAGGTGAAGCGAATGGTATCGATACGTAGGAGGTGTGCCTTCGTAGGCTGTTTCTCAGGACGCCCAACTATTCTTTCCAATCCTACATCTGTTTCTTGCGTCGTAGCGGGACCCTCCATTGTTACTTATTAGGTTCTCGTTATGTCTCATAATCTCAGTGCTGGTGTGATAAGCAAACCACCCTACTGGCACGAAGTTCACAGAAGTGAGATTATGTCTCGTTTGGCAGTCTTGATGCTCGGGGGACACTTCTT	AACAGCTCAGGAGCCAGTCCCCTACGTCGCATATCCTGGCCACTGGAGGTGAAGCGAATGGTATCGATACGTAGGAGGTGTGCCTTCGTAGGCTGTTTCTCAGGACGCCCAACTATTCTTTCCAATCCTACATCTGTTTCTTGCGTCGTAGCGGGACCCTCCATTGTTACTTATTAGGTTCTCGTTATGTCTCATAATCTCAGTGCTGGTGTGATAAGCAAACCACCCTACTTGCACGAAGTTCACAGAAGTGAGATTATGTCTCATTTGGCAGTCTTGATGCTCGGGGGACACTTCTT	0.000943	0.000228	0.005235	1060	1	0	1	1.000000	0.794105	LowConfidence
chr1:299-598_INS_99bp_maxpath400	MNV	AACAGCTCAGGAGCCAGTCCCCTACGTCGCATATCCTGGCCACTGGAGGTGAAGCGAATGGTATCGATACGTAGGAGGTGTGCCTTCGTAGGCTGTTTCTCAGGACGCCCAACTATTCTTTCCAATCCTACATCTGTTTCTTGCGTCGTAGCGGGACCCTCCATTGTTACTTATTAGGTTCTCGTTATGTCTCATAATCTCAGTGCTGGTGTGATAAGCAAACCACCCTACTGGCACGAAGTTCACAGAAGTGAGATTATGTCTCGTTTGGCAGTCTTGATGCTCGGGGGACACTTCTT	AACAGCTCAGGAGCCAGTCCCCTACGTCGCATATCCTGGCCACTGGAGGTGAAGCGAATGGTATCGATACGTAGGAGGTGTGCCTTCGTAGGCTGTTTCTCAGGACGCCCAACTATTCTTTCCAATCCTACATCTGTTTCTTGCGTCGTAGCGGGACCCTCCATTGTTACTTATTAGGTTCTCGTTATGTCTCATAATCTCAGTGCTGGTGTGATAAGCAAACCACCCTACCGGCACGAAGTTCACAGAAGTGAGATTATGTCTCGTCTGGCAGTCTTGATGCTCGGGGGACACTTCTT	0.000943	0.000228	0.005235	1060	1	0	1	1.000000	0.794105	LowConfidence
chr1:299-598_INS_99bp_maxpath400	MNV	AACAGCTCAGGAGCCAGTCCCCTACGTCGCATATCCTGGCCACTGGAGGTGAAGCGAATGGTATCGATACGTAGGAGGTGTGCCTTCGTAGGCTGTTTCTCAGGACGCCCAACTATTCTTTCCAATCCTACATCTGTTTCTTGCGTCGTAGCGGGACCCTCCATTGTTACTTATTAGGTTCTCGTTATGTCTCATAATCTCAGTGCTGGTGTGATAAGCAAACCACCCTACTGGCACGAAGTTCACAGAAGTGAGATTATGTCTCGTTTGGCAGTCTTGATGCTCGGGGGACACTTCTT	AACAGCTCAGGAGCCAGTCCCCTACGTCGCATATCCTGGCCACTGGAGGTGAAGCGAATGGTATCGATACGTAGGAGGTGTGCCTTCGTAGGCTGTTTCTCAGGACGCCCAACTATTCTTTCCAATCCTACATCTGTTTCTTGCGTCGTAGCGGGACCCTCCATTGTTACTTATTAGGTTCTCGTTATGTCTCATAATCTCAGTGCTGGTGTGATAAGCAAACCACCCTACAGGCACGAAGTTCACAGAAGTGAGATTATGTCTCGTCTGGCAGTCTTGATGCTCGGGGGACACTTCTT	0.000943	0.000228	0.005235	1060	1	0	1	1.000000	0.794105	LowConfidence
chr1:299-598_INS_99bp_maxpath400	MNV	AACAGCTCAGGAGCCAGTCCCCTACGTCGCATATCCTGGCCACTGGAGGTGAAGCGAATGGTATCGATACGTAGGAGGTGTGCCTTCGTAGGCTGTTTCTCAGGACGCCCAACTATTCTTTCCAATCCTACATCTGTTTCTTGCGTCGTAGCGGGACCCTCCATTGTTACTTATTAGGTTCTCGTTATGTCTCATAATCTCAGTGCTGGTGTGATAAGCAAACCACCCTACTGGCACGAAGTTCACAGAAGTGAGATTATGTCTCGTTTGGCAGTCTTGATGCTCGGGGGACACTTCTT	AACAGCTCAGGAGCCAGTCCCCTACGTCGCATATCCTGGCCACTGGAGGTGAAGCGAATGGTATCGATACGTAGGAGGTGTGCCTTCGTAGGCTGTTTCTCAGGACGCCCAACTATTCTTTCCAATCCTACATCTGTTTCTTGCGTCGTAGCGGGACCCTCCATTGTTACTTATTAGGTTCTCGTTATGTCTCATAATCTCAGTGCTGGTGTGATAAGCAAACCACCCTACTTGCACGAAGTTCACAGAAGTGAGATTATGTCTCGTCTGGCAGTCTTGATGCTCGGGGGACACTTCTT	0.000943	0.000228	0.005235	1060	1	0	1	1.000000	0.794105	LowConfidence
