target_id	variant_type	ref_seq	alt_seq	vaf	vaf_ci_low	vaf_ci_high	n_molecules_ref	n_molecules_alt	n_duplex_alt	n_simplex_alt	strand_bias_p	confidence	filter	n_simplex_fwd_alt	n_simplex_rev_alt	n_duplex_ref	n_simplex_ref	mean_alt_error_prob	min_variant_specific_duplex	mean_variant_specific_molecules	ml_prob	ml_filter	call_source	rescue_min_alt_molecules	rescue_alt_duplex	rescue_approx_vaf	rescue_kmers_found	rescue_kmers_total
chr10:121520113-121520213	SNV	CTGTGGAGGCATTTGCCGGCAGTCCGGCTTGGAGGATGGGCCGGTGAGGCGATCGCTCTGGTGGAGAGAGGGAAGAAAGGAGGAGTGGGGATGGGAGAATG	CTGTGGAGGCATTTGCCGGCAGTCCGGCTTGGAGGATTGGCCGGTGAGGCGATCGCTCTGGTGGAGAGAGGGAAGAAAGGAGGAGTGGGGATGGGAGAATG	0.004494	0.001389	0.016104	443	2	0	2	0.524408	0.996528	PASS	2	0	80	355	0.057533	0	2.0000	1.0000	ML_PASS	CALLED	.	.	.	.	.
chr10:43100482-43100582	SNV	AGGGATGCTTACTGGGAGAAGCTGTATGTGGACCAGGCAGCCGGCACGCCCTTGCTGTACGTCCATGCCCTGCGGGACGCCCCTGAGGAGGTGCCCAGCTT	AGGGATGCTTACTGGGAGAAGCTGTATGTGGACCAGGCGGCCGGCACGCCCTTGCTGTACGTCCATGCCCTGCGGGACGCCCCTGAGGAGGTGCCCAGCTT	0.457306	0.415223	0.500016	286	241	34	207	0.098407	1.000000	PASS	112	94	54	232	0.001277	34	269.4516	1.0000	ML_PASS	CALLED	.	.	.	.	.
chr11:108279469-108279569	Deletion	TTGTTTGCTTGCTTGTTTTAAGATTGTTCCAGGACACGAAGGGAGATTCTTCCAGGTTACTGAAAGCACTTCCTTTGAAGCTTCAGCAAACAGCTTTTGAA	TTGTTTGCTTGCTTGTTTTAAGATTGTTCCAGGACACGAAGGGAGATTCTTCAGGTTACTGAAAGCACTTCCTTTGAAGCTTCAGCAAACAGCTTTTGAA	0.005025	0.001553	0.017989	396	2	1	1	1.000000	0.997209	PASS	1	0	84	312	0.001556	1	2.0000	0.9993	ML_PASS	CALLED	.	.	.	.	.
chr11:108321280-108321380	SNV	TCTTTTCTTTTTTGCTACTAGAGTAAAAGAAGTGGAAGAGATGTGTAAGCGCAGCCTTGAGTCTGTGTATTCGCTCTATCCCACACTTAGCAGGTTGCAGG	TCTTTTCTTTTTTGCTACTAGAGTAAAAGAAGTGGAAGAGATGTGTAAGCGCAGCCCTGAGTCTGTGTATTCGCTCTATCCCACACTTAGCAGGTTGCAGG	0.005305	0.001640	0.018981	375	2	0	2	0.509546	0.997491	PASS	2	0	76	299	0.062175	0	2.0000	1.0000	ML_PASS	CALLED	.	.	.	.	.
chr11:108331484-108331584	SNV	TTATGTACCAATTGGCTGCTAGAATGGGGACCAAGATGATGGGAGGCCTAGGATTTCATGAAGTCCTCAATAATGTAAGTAAACCTGAAAATCAAACCACA	TTATGTACCAATTGGCTGCTAGAATGGGGACCAAGATGATGGGAGACCTAGGATTTCATGAAGTCCTCAATAATGTAAGTAAACCTGAAAATCAAACCACA	0.064407	0.041757	0.098427	276	19	1	18	0.000064	1.000000	StrandBias	18	0	54	222	0.007911	1	24.9677	1.0000	ML_PASS	CALLED	.	.	.	.	.
chr11:534238-534338	Deletion	CAAAATGGTTCTGGATCAGCTGGATGGTCAGCGCACTCTTGCCCACACCGCCGGCGCCCACCACCACCAGCTTATATTCCGTCATCGCTCCTCAGGGGCCT	CAAAATGGTTCTGGATCAGCTGGATGGTCAGCGCACTCTTGCCCACACCGCCGGCGCCCACCACCAGCTTATATTCCGTCATCGCTCCTCAGGGGCCT	0.033613	0.013665	0.083149	115	4	0	4	0.645910	1.000000	PASS	3	1	14	100	0.000649	0	4.1905	1.0000	ML_PASS	CALLED	.	.	.	.	.
chr1:155904420-155904520	SNV	CTTCGACGATCCGTGATAGAGTAACAGATGATAAACCCTTCTCCTGCCCTCATATACTGGTCCCGCATGGCTGTAAACTCTGCCTAGAGGGAAACAAGGGT	CTTCGACGATCCGTGATAGAGTAACAGATGATAAACCCTTCTCCTGCCCTTATATACTGGTCCCGCATGGCTGTAAACTCTGCCTAGAGGGAAACAAGGGT	0.004415	0.001365	0.015822	451	2	1	1	1.000000	0.996405	PASS	1	0	87	364	0.000423	1	2.0000	1.0000	ML_PASS	CALLED	.	.	.	.	.
chr11:69651201-69651301	Deletion	GGCCGCCGAGGAGGAGGAAGAGGAGGAGGAGGAGGTGGACCTGGCTTGCACACCCACCGACGTGCGGGACGTGGACATCTGAGGGCGCCAGGCAGGCGGGC	GGCCGCCGAGGAGGAGGAAGAGGAGGAGGAGGTGGACCTGGCTTGCACACCCACCGACGTGCGGGACGTGGACATCTGAGGGCGCCAGGCAGGCGGGC	0.069507	0.049479	0.096997	415	31	0	31	0.001655	1.000000	StrandBias	27	4	85	327	0.002243	0	33.7647	1.0000	ML_PASS	CALLED	.	.	.	.	.
chr11:69651201-69651301	SNV	GGCCGCCGAGGAGGAGGAAGAGGAGGAGGAGGAGGTGGACCTGGCTTGCACACCCACCGACGTGCGGGACGTGGACATCTGAGGGCGCCAGGCAGGCGGGC	GGCCGCCGAGGAGGAGGAAGAGGAGGAGGAGGAGGTGGACCTGGCTTGCATACCCACCGACGTGCGGGACGTGGACATCTGAGGGCGCCAGGCAGGCGGGC	0.004796	0.001483	0.017176	415	2	0	2	1.000000	0.996943	PASS	1	1	85	327	0.001128	0	2.9677	1.0000	ML_PASS	CALLED	.	.	.	.	.
chr12:112489033-112489133	SNV	GCGATATTGACGTTCCCAAAACCATCCAGATGGTGCGGTCTCAGAGGTCAGGGATGGTCCAGACAGAAGCACAGTACCGATTTATCTATATGGCGGTCCAG	GCGATATTGACGTTCCCAAAACCATCCAGATGGTGCGGTCTCAGAGGTCAGAGATGGTCCAGACAGAAGCACAGTACCGATTTATCTATATGGCGGTCCAG	0.451477	0.420054	0.483297	520	428	58	370	0.250888	1.000000	PASS	200	170	86	418	0.000991	58	505.6452	1.0000	ML_PASS	CALLED	.	.	.	.	.
chr12:112489033-112489133	SNV	GCGATATTGACGTTCCCAAAACCATCCAGATGGTGCGGTCTCAGAGGTCAGGGATGGTCCAGACAGAAGCACAGTACCGATTTATCTATATGGCGGTCCAG	GCGATATTGACGTTCCCAAAACCATCCAGATGGTGCGGTCTCAGAGGTCAGGGATGGTCCAGACAGAAACACAGTACCGATTTATCTATATGGCGGTCCAG	0.020716	0.011708	0.036695	520	11	0	11	0.538564	1.000000	PASS	5	6	86	418	0.000711	0	11.0000	1.0000	ML_PASS	CALLED	.	.	.	.	.
chr12:120994263-120994363	SNV	GCGCAAAGAAGAAGCCTTCCGGCACAAGCTGGCCATGGACACGTACAGCGGGCCCCCCCCAGGGCCAGGCCCGGGACCTGCGCTGCCCGCTCACAGCTCCC	GCGCAAAGAAGAAGCCTTCCGGCACAAGCTGGCCATGGACACGTACAGCGGCCCCCCCCCAGGGCCAGGCCCGGGACCTGCGCTGCCCGCTCACAGCTCCC	0.517964	0.464441	0.571072	161	173	17	156	0.130858	1.000000	PASS	94	59	12	149	0.000766	17	195.0645	1.0000	ML_PASS	CALLED	.	.	.	.	.
chr12:120994263-120994363	Insertion	GCGCAAAGAAGAAGCCTTCCGGCACAAGCTGGCCATGGACACGTACAGCGGGCCCCCCCCAGGGCCAGGCCCGGGACCTGCGCTGCCCGCTCACAGCTCCC	GCGCAAAGAAGAAGCCTTCCGGCACAAGCTGGCCATGGACACGTACAGCGGCCCCCCCCCCAGGGCCAGGCCCGGGACCTGCGCTGCCCGCTCACAGCTCCC	0.178571	0.131394	0.238326	161	35	0	35	0.000239	1.000000	StrandBias	30	5	12	149	0.000761	0	97.5938	1.0000	ML_PASS	CALLED	.	.	.	.	.
chr12:120994263-120994363	Insertion	GCGCAAAGAAGAAGCCTTCCGGCACAAGCTGGCCATGGACACGTACAGCGGGCCCCCCCCAGGGCCAGGCCCGGGACCTGCGCTGCCCGCTCACAGCTCCC	GCGCAAAGAAGAAGCCTTCCGGCACAAGCTGGCCATGGACACGTACAGCGGGCCCCCCCCCAGGGCCAGGCCCGGGACCTGCGCTGCCCGCTCACAGCTCCC	0.105556	0.068815	0.159068	161	19	0	19	0.012425	1.000000	PASS	16	3	12	149	0.000437	0	44.2609	1.0000	ML_PASS	CALLED	.	.	.	.	.
chr12:120994263-120994363	Deletion	GCGCAAAGAAGAAGCCTTCCGGCACAAGCTGGCCATGGACACGTACAGCGGGCCCCCCCCAGGGCCAGGCCCGGGACCTGCGCTGCCCGCTCACAGCTCCC	GCGCAAAGAAGAAGCCTTCCGGCACAAGCTGGCCATGGACACGTACAGCGGGCCCCCCCAGGGCCAGGCCCGGGACCTGCGCTGCCCGCTCACAGCTCCC	0.041667	0.020656	0.083477	161	7	0	7	0.124347	1.000000	PASS	6	1	12	149	0.000402	0	7.3913	0.9998	ML_PASS	CALLED	.	.	.	.	.
chr12:120994263-120994363	Deletion	GCGCAAAGAAGAAGCCTTCCGGCACAAGCTGGCCATGGACACGTACAGCGGGCCCCCCCCAGGGCCAGGCCCGGGACCTGCGCTGCCCGCTCACAGCTCCC	GCGCAAAGAAGAAGCCTTCCGGCACAAGCTGGCCATGGACACGTACAGCGGCCCCCCCCAGGGCCAGGCCCGGGACCTGCGCTGCCCGCTCACAGCTCCC	0.030120	0.013297	0.068484	161	5	0	5	0.062211	1.000000	PASS	5	0	12	149	0.000848	0	69.8929	0.9997	ML_PASS	CALLED	.	.	.	.	.
chr12:120994263-120994363	Insertion	GCGCAAAGAAGAAGCCTTCCGGCACAAGCTGGCCATGGACACGTACAGCGGGCCCCCCCCAGGGCCAGGCCCGGGACCTGCGCTGCCCGCTCACAGCTCCC	GCGCAAAGAAGAAGCCTTCCGGCACAAGCTGGCCATGGACACGTACAGCGGCCCCCCCCCCCAGGGCCAGGCCCGGGACCTGCGCTGCCCGCTCACAGCTCCC	0.012270	0.003788	0.043357	161	2	0	2	0.498455	0.999523	PASS	2	0	12	149	0.000545	0	73.6364	1.0000	ML_PASS	CALLED	.	.	.	.	.
chr12:25227291-25227391	SNV	AAGCCCTCCCCAGTCCTCATGTACTGGTCCCTCATTGCACTGTACTCCTCTTGACCTGCTGTGTCGAGAATATCCAAGAGACAGGTTTCTCCATCAATTAC	AAGCCCTCCCCAGTCCTCATGTACTGGTCCCTCATTGCACTGTACTCCTCGTGACCTGCTGTGTCGAGAATATCCAAGAGACAGGTTTCTCCATCAATTAC	0.009174	0.003332	0.026495	324	3	0	3	0.090501	0.999975	PASS	0	3	80	243	0.001491	0	3.0000	1.0000	ML_PASS	CALLED	.	.	.	.	.
chr12:56085020-56085120	SNV	TCCTCGTGGCCATGAATGAATTCTCTACTCTACCATTGCCCAACCTCCGCGTGGTGCGAGGGACCCAGGTCTACGATGGGAAGTTTGCCATCTTCGTCATG	TCCTCGTGGCCATGAATGAATTCTCTACTCTACCATTGCCCAACCTCCGCATGGTGCGAGGGACCCAGGTCTACGATGGGAAGTTTGCCATCTTCGTCATG	0.008902	0.003234	0.025718	334	3	1	2	0.498819	0.999973	PASS	2	0	72	262	0.000947	1	3.0000	1.0000	ML_PASS	CALLED	.	.	.	.	.
chr14:104775713-104775813	Deletion	GGTGAGCCCGACCGGAAGTCCATCTCCTCCTCCTCCTGCTTCTTGAGGCCGTCAGCCACAGTCTGGATGGCGGTTGTCCACTCCTCCCTGCAGGAGGTCAG	GGTGAGCCCGACCGGAAGTCCATCTCCTCCTCCTGCTTCTTGAGGCCGTCAGCCACAGTCTGGATGGCGGTTGTCCACTCCTCCCTGCAGGAGGTCAG	0.028409	0.015656	0.051479	342	10	0	10	0.047499	1.000000	PASS	9	1	58	284	0.000504	0	10.3158	1.0000	ML_PASS	CALLED	.	.	.	.	.
chr15:90088652-90088752	Insertion	TGTTTTTGCAGATGATGGGCTCCCGGAAGACAGTCCCCCCCAGGATGTTCCGGATAGTTCCATTGGGACTTTTCCACATCTTCTTCAGCTTGAACTCTGTG	TGTTTTTGCAGATGATGGGCTCCCGGAAGACAGTCCCCCCCCAGGATGTTCCGGATAGTTCCATTGGGACTTTTCCACATCTTCTTCAGCTTGAACTCTGTG	0.018182	0.008544	0.039035	324	6	0	6	0.034705	1.000000	PASS	6	0	77	247	0.002842	0	7.4583	1.0000	ML_PASS	CALLED	.	.	.	.	.
chr15:90088652-90088752	Deletion	TGTTTTTGCAGATGATGGGCTCCCGGAAGACAGTCCCCCCCAGGATGTTCCGGATAGTTCCATTGGGACTTTTCCACATCTTCTTCAGCTTGAACTCTGTG	TGTTTTTGCAGATGATGGGCTCCCGGAAGACAGTCCCCCCCAGGATGTTCCGGATAGTTCCATTGGGACTTTCCACATCTTCTTCAGCTTGAACTCTGTG	0.006135	0.001896	0.021918	324	2	0	2	0.502267	0.998115	PASS	2	0	77	247	0.001965	0	2.0000	0.9993	ML_PASS	CALLED	.	.	.	.	.
chr15:90088652-90088752	Deletion	TGTTTTTGCAGATGATGGGCTCCCGGAAGACAGTCCCCCCCAGGATGTTCCGGATAGTTCCATTGGGACTTTTCCACATCTTCTTCAGCTTGAACTCTGTG	TGTTTTTGCAGATGATGGGCTCCCGGAAGACAGTCCCCCCAGGATGTTCCGGATAGTTCCATTGGGACTTTTCCACATCTTCTTCAGCTTGAACTCTGTG	0.006135	0.001896	0.021918	324	2	0	2	0.502267	0.998115	PASS	2	0	77	247	0.002832	0	2.0000	0.9993	ML_PASS	CALLED	.	.	.	.	.
chr15:90088652-90088752	MNV	TGTTTTTGCAGATGATGGGCTCCCGGAAGACAGTCCCCCCCAGGATGTTCCGGATAGTTCCATTGGGACTTTTCCACATCTTCTTCAGCTTGAACTCTGTG	TGTTTTTGCAGATGATGGGCTCCCGGAAGACAGTCCCCCCCCAGGATGTTCCGGATAGTTCCATTGGGACTTTCCACATCTTCTTCAGCTTGAACTCTGTG	0.006135	0.001896	0.021918	324	2	0	2	0.502267	0.998115	PASS	2	0	77	247	0.000974	0	4.5686	1.0000	ML_PASS	CALLED	.	.	.	.	.
chr15:90088652-90088752	Deletion	TGTTTTTGCAGATGATGGGCTCCCGGAAGACAGTCCCCCCCAGGATGTTCCGGATAGTTCCATTGGGACTTTTCCACATCTTCTTCAGCTTGAACTCTGTG	TGTTTTTGCAGATGATGGGCTCCCGGAAGACAGTCCCCCCAGGATGTTCCGGATAGTTCCATTGGGACTTTCCACATCTTCTTCAGCTTGAACTCTGTG	0.006135	0.001896	0.021918	324	2	0	2	0.502267	0.998115	PASS	2	0	77	247	0.000909	0	2.0000	0.9995	ML_PASS	CALLED	.	.	.	.	.
chr17:39715828-39715928	SNV	ATCCACCATAACACCCACCTCTGCTTCGTGCACACGGTGCCCTGGGACCAGCTCTTTCGGAACCCGCACCAAGCTCTGCTCCACACTGCCAACCGGCCAGA	ATCCACCATAACACCCACCTCTGCTTCGTGCACATGGTGCCCTGGGACCAGCTCTTTCGGAACCCGCACCAAGCTCTGCTCCACACTGCCAACCGGCCAGA	0.004808	0.001486	0.017217	414	2	0	2	1.000000	0.996957	PASS	1	0	72	324	0.050946	0	2.6129	1.0000	ML_PASS	CALLED	.	.	.	.	.
chr17:39723917-39724017	Deletion	CTGGATCCCTGATGGGGAGAATGTGAAAATTCCAGTGGCCATCAAAGTGTTGAGGGAAAACACATCCCCCAAAGCCAACAAAGAAATCTTAGACGTAAGCC	CTGGATCCCTGATGGGGAGAATGTGAAAATTCCAGTGGCCATCAAAGTGTTGAGGGAAACACATCCCCCAAAGCCAACAAAGAAATCTTAGACGTAAGCC	0.005871	0.002133	0.017027	508	3	0	3	1.000000	0.999906	PASS	2	1	134	374	0.001498	0	3.0000	0.9993	ML_PASS	CALLED	.	.	.	.	.
chr17:7669605-7669705	Deletion	AATGTCAGTCTGAGTCAGGCCCTTCTGTCTTGAACATGAGTTTTTTATGGCGGGAGGTAGACTGACCCTTTTTGGACTTCAGGTGGCTGTAGGAGACAGAA	AATGTCAGTCTGAGTCAGGCCCTTCTGTCTTGAACATGAGTTTTTTATGGCGGGAGGTAGACTGACCCTTTTGGACTTCAGGTGGCTGTAGGAGACAGAA	0.010482	0.004620	0.024241	472	5	0	5	1.000000	1.000000	PASS	3	2	86	386	0.002414	0	6.1538	0.9997	ML_PASS	CALLED	.	.	.	.	.
chr17:7673752-7673852	SNV	GGAGATTCTCTTCCTCTGTGCGCCGGTCTCTCCCAGGACAGGCACAAACACGCACCTCAAAGCTGTTCCGTCCCAGTAGATTACCACTACTCAGGATAGGA	GGAGATTCTCTTCCTCTGTGCGCCGGTCTCTCCCAGGACAGGCACAAACATGCACCTCAAAGCTGTTCCGTCCCAGTAGATTACCACTACTCAGGATAGGA	0.005291	0.001635	0.018932	376	2	0	2	0.225352	0.997478	PASS	0	2	71	305	0.001732	0	2.0000	1.0000	ML_PASS	CALLED	.	.	.	.	.
chr17:7675038-7675138	SNV	GCCCCAGCTGCTCACCATCGCTATCTGAGCAGCGCTCATGGTGGGGGCAGCGCCTCACAACCTCCGTCATGTGCTGTGACTGCTTGTAGATGGCCATGGCG	GCCCCAGCTGCTCACCATCGCTATCTGAGCAGCGCTCATGGTGGGGGCAGTGCCTCACAACCTCCGTCATGTGCTGTGACTGCTTGTAGATGGCCATGGCG	0.005376	0.001662	0.019234	370	2	0	2	1.000000	0.997556	PASS	1	1	32	325	0.000152	0	2.0000	1.0000	ML_PASS	CALLED	.	.	.	.	.
chr20:58903702-58903802	SNV	CCCCCCGTGGAGCTGGCCAACCCCGAGAACCAGTTCAGAGTGGACTACATCCTGAGTGTGATGAACGTGCCTGACTTTGACTTCCCTCCCGTAAGCTACAC	CCCCCCGTGGAGCTGGCCAACCCCGAGAACCAGTTCAGAGTGGACTACATTCTGAGTGTGATGAACGTGCCTGACTTTGACTTCCCTCCCGTAAGCTACAC	0.534884	0.494928	0.574391	280	322	61	261	0.316447	1.000000	PASS	136	125	56	224	0.001346	61	339.9355	1.0000	ML_PASS	CALLED	.	.	.	.	.
chr20:58903702-58903802	SNV	CCCCCCGTGGAGCTGGCCAACCCCGAGAACCAGTTCAGAGTGGACTACATCCTGAGTGTGATGAACGTGCCTGACTTTGACTTCCCTCCCGTAAGCTACAC	CCCCCCGTGGAGCTGGCCAACCCCGAGAACCAGTTCAGAGTGGACTACATACTGAGTGTGATGAACGTGCCTGACTTTGACTTCCCTCCCGTAAGCTACAC	0.007092	0.002191	0.025294	280	2	1	1	1.000000	0.998584	PASS	1	0	56	224	0.000959	1	2.0000	1.0000	ML_PASS	CALLED	.	.	.	.	.
chr20:58910337-58910437	SNV	CTCCCGAGCCCGGAGAGGACCCACGCGTGACCCGGGCCAAGTACTTCATTCGAGATGAGTTTCTGGTGAGTCGAGCCTGTCTTTAGTTTCCTCTCTTGTTC	CTCCCGAGCCCGGAGAGGACCCACGCGTGACCCGGGCCAAGTACTTCATTTGAGATGAGTTTCTGGTGAGTCGAGCCTGTCTTTAGTTTCCTCTCTTGTTC	0.004367	0.001350	0.015651	456	2	0	2	0.510130	0.996328	PASS	2	0	88	368	0.000903	0	2.7419	1.0000	ML_PASS	CALLED	.	.	.	.	.
chr22:29673427-29673527	Insertion	GCAGAAGGTGCTGGAAGCCGAGGTGCTGGCACTGAAGATGGCTGAGGAGTCAGAGAGGAGGTGAGGGGGCACCGGGCACCAGACTGGCGAGGAGGCTGGCG	GCAGAAGGTGCTGGAAGCCGAGGTGCTGGCACTGAAGATGGCTGAGGAGTCAGAGAGGAGGTGAGGGGGGCACCGGGCACCAGACTGGCGAGGAGGCTGGCG	0.003454	0.001068	0.012400	577	2	0	2	0.510598	0.994208	PASS	2	0	107	470	0.000377	0	2.0000	1.0000	ML_PASS	CALLED	.	.	.	.	.
chr2:29220779-29220879	SNV	GGCAGGGATTGCAGGCTCACCCCAATGCAGCGAACAATGTTCTGGTGGTTGAATTTGCTGCAGAGCAGAGAGGGATGTAACCAAAATTAACTGAGCTGAGT	GGCAGGGATTGCAGGCTCACCCCAATGCAGCGAACAATGTTCTGGTGGTTTAATTTGCTGCAGAGCAGAGAGGGATGTAACCAAAATTAACTGAGCTGAGT	0.009554	0.003470	0.027579	311	3	0	3	1.000000	0.999978	PASS	2	1	68	242	0.000713	0	3.0000	1.0000	ML_PASS	CALLED	.	.	.	.	.
chr2:29227619-29227719	SNV	AAACCCCATCTTCCCCATCCATTTCGGGGTCATTGTTTGAGGCTGCATTGCCGCCTGAGTAGCAAACCAGAGCAGAGTTTAACATGGGGGGTGGGTGCCAA	AAACCCCATCTTCCCCATCCATTTCGGGGTCATTGTTTGAGGCTGCATTGTCGCCTGAGTAGCAAACCAGAGCAGAGTTTAACATGGGGGGTGGGTGCCAA	0.006154	0.001902	0.021985	323	2	0	2	0.510473	0.998126	PASS	2	0	71	252	0.000102	0	2.7419	1.0000	ML_PASS	CALLED	.	.	.	.	.
chr2:29239716-29239816	SNV	GATGTACAGCATGTCATCCTTCTCCAGGTTGAAGATGCCCAGCACAGACACGCCGTGGGACCGCATCATGGTGTTCTTCCCGCCTTTCCCGCCAGCAGCTC	GATGTACAGCATGTCATCCTTCTCCAGGTTGAAGATGTCCAGCACAGACACGCCGTGGGACCGCATCATGGTGTTCTTCCCGCCTTTCCCGCCAGCAGCTC	0.003373	0.001043	0.012109	591	2	0	2	0.508290	0.993935	PASS	2	0	145	443	0.006173	0	2.0323	1.0000	ML_PASS	CALLED	.	.	.	.	.
chr2:29239716-29239816	SNV	GATGTACAGCATGTCATCCTTCTCCAGGTTGAAGATGCCCAGCACAGACACGCCGTGGGACCGCATCATGGTGTTCTTCCCGCCTTTCCCGCCAGCAGCTC	GATGTACAGCATGTCATCCTTCTCCAGGTTGAAGATGCCCAGCACAGACATGCCGTGGGACCGCATCATGGTGTTCTTCCCGCCTTTCCCGCCAGCAGCTC	0.003373	0.001043	0.012109	591	2	0	2	1.000000	0.993935	PASS	1	1	145	443	0.004497	0	2.0000	1.0000	ML_PASS	CALLED	.	.	.	.	.
chr2:29296945-29297045	SNV	TAGGCGGCGACATGCCAGACCATCCTGCCTTGCTCCTTCCCGGTTTTGTTCTCCACTAGCACCAAGGACACGTTTCCCCTCAAGACTCCACGAATGAGCCA	TAGGCGGCGACATGCCAGACCATCCTGCCTTACTCCTTCCCGGTTTTGTTCTCCACTAGCACCAAGGACACGTTTCCCCTCAAGACTCCACGAATGAGCCA	0.003546	0.001096	0.012728	562	2	0	2	0.503616	0.994495	PASS	2	0	110	428	0.001259	0	2.0000	1.0000	ML_PASS	CALLED	.	.	.	.	.
chr2:29320747-29320847	SNV	GTACCTTGGTGGTCCTGGAACCGGGCATCCTTTAGGGTCCTGACCTGCCATTGAGGAGTGTGGGGTGACAGTGTGCCTTGGGTCCAGCCACAGAAGCCATC	GTACCTTGGTGGTCCTGGAACCGGGCATCCTTTAGGGTCCTGACCTGCCACTGAGGAGTGTGGGGTGACAGTGTGCCTTGGGTCCAGCCACAGAAGCCATC	0.489971	0.453032	0.527022	356	342	88	254	0.252506	1.000000	PASS	131	123	90	263	0.002160	88	360.4193	1.0000	ML_PASS	CALLED	.	.	.	.	.
chr2:29328329-29328429	SNV	GGGGCAGCCCCATCTACTCACGGCACATCTGGCTCTCATCTTCTCCCTGGGCACAGTCCTGGTGGAAGTCACAGGCCTGCCCAAGCTGGAGGACTGTCCCA	GGGGCAGCCCCATCTACTCACGGCACATCTGGCTCTCATCTTCTCCCTGGTCACAGTCCTGGTGGAAGTCACAGGCCTGCCCAAGCTGGAGGACTGTCCCA	0.003565	0.001102	0.012796	559	2	0	2	0.466970	0.994552	PASS	0	1	119	438	0.001179	0	2.8387	1.0000	ML_PASS	CALLED	.	.	.	.	.
chr2:29531974-29532074	SNV	CAGCTGGGCAATGTACCTTCCAGAGGGCTGCAGGTGCCTGTGCACCGAGACGGCCAGTGTGCAGTGCTCACTGCTGCTCCTCATCCACGGACTCAGGATGG	CAGCTGGGCAATGTACCTTCCAGAGGGCTGCAGGTGCCTGTGCACCGAGACGGTCAGTGTGCAGTGCTCACTGCTGCTCCTCATCCACGGACTCAGGATGG	0.005525	0.001708	0.019760	360	2	1	1	1.000000	0.997683	PASS	1	0	57	297	0.001050	1	2.7742	1.0000	ML_PASS	CALLED	.	.	.	.	.
chr3:179229324-179229424	Deletion	GTGGTGCGAAATTCTCACACTATTATGCAAATTCAGTGCAAAGGCGGCTTGAAAGGTGCACTGCAGTTCAACAGCCACACACTACATCAGTGGCTCAAAGA	GTGGTGCGAAATTCTCACACTATTATGCAAATTCAGTGCAAAGGCGGCTTGAAGGTGCACTGCAGTTCAACAGCCACACACTACATCAGTGGCTCAAAGA	0.003540	0.001094	0.012706	563	2	0	2	0.509411	0.994476	PASS	2	0	102	461	0.001821	0	2.0000	0.9994	ML_PASS	CALLED	.	.	.	.	.
chr3:179230323-179230423	SNV	AATAGTGATTAGTAAAGGAGCCCAAGAATGCACAAAGACAAGAGAATTTGAGAGGTGAGCTCGAGCAATTAAAAACACAAAATAAAGAGTTCTGGCTGCTC	AATAGTGATTAGTAAAGGAGCCCAAGAATGCACAAAGACAAGAGAATTTGAGAGGTGAACTCGAGCAATTAAAAACACAAAATAAAGAGTTCTGGCTGCTC	0.009836	0.003573	0.028382	302	3	0	3	0.247866	0.999980	PASS	3	0	78	224	0.003430	0	3.0000	1.0000	ML_PASS	CALLED	.	.	.	.	.
chr4:152328183-152328283	Deletion	CAACCATGACAAGATTTTCCCTTACCTTTTTTCATGAAGATGCATACAACGCACAGTGGAAGTATGCCCATATAAGGTGTGTATACATTCTCCAGTCTCTG	CAACCATGACAAGATTTTCCCTTACCTTTTTCATGAAGATGCATACAACGCACAGTGGAAGTATGCCCATATAAGGTGTGTATACATTCTCCAGTCTCTG	0.005797	0.001792	0.020724	343	2	0	2	0.504974	0.997892	PASS	2	0	76	263	0.003014	0	2.0000	0.9992	ML_PASS	CALLED	.	.	.	.	.
chr4:1804322-1804422	SNV	CTTTGCAGCCGAGGAGGAGCTGGTGGAGGCTGACGAGGCGGGCAGTGTGTATGCAGGCATCCTCAGCTACGGGGTGGGCTTCTTCCTGTTCATCCTGGTGG	CTTTGCAGCCGAGGAGGAGCTGGTGGAGGCTGACGAGGCGGGCAGTGTGTCTGCAGGCATCCTCAGCTACGGGGTGGGCTTCTTCCTGTTCATCCTGGTGG	0.004717	0.001458	0.016895	422	2	0	2	1.000000	0.996841	PASS	2	0	43	348	0.004768	0	2.4839	1.0000	ML_PASS	CALLED	.	.	.	.	.
chr4:1804773-1804873	Insertion	CCACGCCCTGTCGCCCACGCGGCGCCAACCTGCCCCTGCTGACCCAAGCAGGTGTCCCTGGAGTCCAACGCGTCCATGAGCTCCAACACACCACTGGTGCG	CCACGCCCTGTCGCCCACGCGGCGCCAACCTGCCCCTGCTGACCCAAGCAGGTAACAGTGTCCCTGGAGTCCAACGCGTCCATGAGCTCCAACACACCACTGGTGCG	0.004902	0.001515	0.017552	406	2	1	1	1.000000	0.997070	PASS	1	0	57	349	0.001781	1	2.0000	1.0000	ML_PASS	CALLED	.	.	.	.	.
chr4:1807171-1807271	Deletion	CCCCCAGCTCCAGCTCCTCAGGGGACGACTCCGTGTTTGCCCACGACCTGCTGCCCCCGGCCCCACCCAGCAGTGGGGGCTCGCGGACGTGAAGGGCCACT	CCCCCAGCTCCAGCTCCTCAGGGGACGACTCCGTGTTTGCCCACGACCTGCTGCCCCGGCCCCACCCAGCAGTGGGGGCTCGCGGACGTGAAGGGCCACT	0.016484	0.007744	0.035434	358	6	0	6	0.034645	1.000000	PASS	6	0	55	295	0.001128	0	7.0000	0.9998	ML_PASS	CALLED	.	.	.	.	.
chr4:54258735-54258835	SNV	TGTTGACTTTTGACTTTTCTAGTTTCCCAGAGCTATGGGGACTTCCCATCCGGCGTTCCTGGTCTTAGGCTGTCTTCTCACAGGTACGGAGCCCAGTCCTC	TGTTGACTTTTGACTTTTCTAGTTTCCCAGAGCTATGGGGACTTCCCATCTGGCGTTCCTGGTCTTAGGCTGTCTTCTCACAGGTACGGAGCCCAGTCCTC	0.003876	0.001198	0.013904	514	2	0	2	0.514509	0.995368	PASS	2	0	98	416	0.001351	0	2.0000	1.0000	ML_PASS	CALLED	.	.	.	.	.
chr4:54263861-54263961	SNV	ATCTGTGAGGCCACCGTCAAAGGAAAGAAGTTCCAGACCATCCCATTTAATGTTTATGCTTTAAAAGGTACTTGTATCATCTCCTTCCTTCTTTAAATAAG	ATCTGTGAGGCCACCGTCAAAGGAAAGAAGTTCCAGACCATCCCATTTAACGTTTATGCTTTAAAAGGTACTTGTATCATCTCCTTCCTTCTTTAAATAAG	0.190476	0.112829	0.304623	51	12	0	12	1.000000	1.000000	PASS	8	4	5	46	0.000087	0	13.2581	1.0000	ML_PASS	CALLED	.	.	.	.	.
chr4:54277360-54277460	SNV	GGGTGTTAATGATTCTGCCTGCCCACAGGTCGGGTCTTGGGGTCTGGAGCGTTTGGGAAGGTGGTTGAAGGAACAGCCTATGGATTAAGCCGGTCCCAACC	GGGTGTTAATGATTCTGCCTGCCCACAGGTCGGGTCTTGGGGTCTGGAGCATTTGGGAAGGTGGTTGAAGGAACAGCCTATGGATTAAGCCGGTCCCAACC	0.441654	0.404675	0.479302	378	299	67	232	1.000000	1.000000	PASS	137	95	84	292	0.000809	67	364.5807	1.0000	ML_PASS	CALLED	.	.	.	.	.
chr4:54287423-54287523	SNV	CTTGCAGACCTTTCTGCCCGTGAAGTGGATGGCTCCTGAGAGCATCTTTGACAACCTCTACACCACACTGAGTGATGTCTGGTCTTATGGCATTCTGCTCT	CTTGCAGACCTTTCTGCCCGTGAAGTGGATGGCTCCTGAGAGCATTTTTGACAACCTCTACACCACACTGAGTGATGTCTGGTCTTATGGCATTCTGCTCT	0.011881	0.005580	0.025630	499	6	1	5	0.072220	1.000000	PASS	5	0	93	406	0.010941	1	8.3226	1.0000	ML_PASS	CALLED	.	.	.	.	.
chr4:54287423-54287523	MNV	CTTGCAGACCTTTCTGCCCGTGAAGTGGATGGCTCCTGAGAGCATCTTTGACAACCTCTACACCACACTGAGTGATGTCTGGTCTTATGGCATTCTGCTCT	CTTGCAGACCTTTCTGCCCGTGAAGTGGATGGCTCCGGAGAGCATCTTGGACAACCTCTACACCACACTGAGTGATGTCTGGTCTTATGGCATTCTGCTCT	0.005976	0.002171	0.017330	499	3	0	3	0.260787	0.999911	PASS	3	0	93	406	0.016720	0	4.6512	1.0000	ML_PASS	CALLED	.	.	.	.	.
chr4:54287423-54287523	SNV	CTTGCAGACCTTTCTGCCCGTGAAGTGGATGGCTCCTGAGAGCATCTTTGACAACCTCTACACCACACTGAGTGATGTCTGGTCTTATGGCATTCTGCTCT	CTTGCAGACCTTTCTGCCCGTGAAGTGGATGGCTCCGGAGAGCATCTTTGACAACCTCTACACCACACTGAGTGATGTCTGGTCTTATGGCATTCTGCTCT	0.003992	0.001234	0.014317	499	2	0	2	0.194031	0.995626	PASS	0	2	93	406	0.014118	0	4.7419	1.0000	ML_PASS	CALLED	.	.	.	.	.
chr4:54698465-54698565	Deletion	AAGTGTGAAACGCGCCTACCATCGGCTCTGTCTGCATTGTTCTGTGGACCAGGAGGGCAAGTCAGTGCTGTCGGAAAAATTCATCCTGAAAGTGAGGCCAG	AAGTGTGAAACGCGCCTACCATCGGCTCTGTCTGCATTGTTCTGTGGACCAGAGGGCAAGTCAGTGCTGTCGGAAAAATTCATCCTGAAAGTGAGGCCAG	0.004651	0.001438	0.016661	428	2	0	2	0.219767	0.996753	PASS	0	2	85	343	0.001618	0	2.0000	0.9994	ML_PASS	CALLED	.	.	.	.	.
chr4:54703710-54703810	SNV	TCTGAAACCAGCAGACTAAACTACAGGAGAAATATAATAGCTGGCATCACGGTGACTTCAATTATGAACGTCAGGCAACGTTGACTATCAGTTCAGCGAGA	TCTGAAACCAGCAGACTAAACTACAGGAGAAATATAATAGCTGGCATCACAGTGACTTCAATTATGAACGTCAGGCAACGTTGACTATCAGTTCAGCGAGA	0.006682	0.002427	0.019358	446	3	0	3	0.553878	0.999936	PASS	3	0	101	345	0.000601	0	3.0000	1.0000	ML_PASS	CALLED	.	.	.	.	.
chr4:54723555-54723655	Insertion	GACATATGGCCATTTCTGTTTTCCTGTAGCAAAACCAGAAATCCTGACTTACGACAGGCTCGTGAATGGCATGCTCCAATGTGTGGCAGCAGGATTCCCAG	GACATATGGCCATTTCTGTTTTCCTGTAGCAAAACCAGAAATCCTGACTTACGATTTTCGACAGGCTCGTGAATGGCATGCTCCAATGTGTGGCAGCAGGATTCCCAG	0.008646	0.003140	0.024985	344	3	2	1	1.000000	0.999970	PASS	1	0	58	285	0.001181	2	3.2059	1.0000	ML_PASS	CALLED	.	.	.	.	.
chr4:54731917-54732017	SNV	CGAGTTGGCCCTAGACTTAGAAGACTTGCTGAGCTTTTCTTACCAGGTGGCAAAGGGCATGGCTTTCCTCGCCTCCAAGAATGTAAGTGGGAGTGATTCTC	CGAGTTGGCCCTAGACTTAGAAGACTTGCTGAGCTTTTCTTACCAGGTGGCAAAGGGCAGGGCTTTCCTCGCCTCCAAGAATGTAAGTGGGAGTGATTCTC	0.012539	0.006460	0.024519	630	8	0	8	1.000000	1.000000	PASS	5	3	84	493	0.009526	0	8.8387	1.0000	ML_PASS	CALLED	.	.	.	.	.
chr4:54731917-54732017	SNV	CGAGTTGGCCCTAGACTTAGAAGACTTGCTGAGCTTTTCTTACCAGGTGGCAAAGGGCATGGCTTTCCTCGCCTCCAAGAATGTAAGTGGGAGTGATTCTC	CGAGTTGGCCCTAGACTTAGAAGACTTGCTGAGCTTTTCTTACCAGGTGGAAAAGGGCATGGCTTTCCTCGCCTCCAAGAATGTAAGTGGGAGTGATTCTC	0.010989	0.005429	0.022475	630	7	0	7	0.691188	1.000000	PASS	4	3	84	493	0.011700	0	13.4839	1.0000	ML_PASS	CALLED	.	.	.	.	.
chr4:54731917-54732017	SNV	CGAGTTGGCCCTAGACTTAGAAGACTTGCTGAGCTTTTCTTACCAGGTGGCAAAGGGCATGGCTTTCCTCGCCTCCAAGAATGTAAGTGGGAGTGATTCTC	CGAGTTGGCCCTAGACTTAGAAGACTTGCTGAGCTTTTCTTACCAGGGGGCAAAGGGCATGGCTTTCCTCGCCTCCAAGAATGTAAGTGGGAGTGATTCTC	0.003165	0.000978	0.011366	630	2	0	2	1.000000	0.993141	PASS	0	0	84	493	0.002299	0	4.0323	1.0000	ML_PASS	CALLED	.	.	.	.	.
chr4:54731917-54732017	MNV	CGAGTTGGCCCTAGACTTAGAAGACTTGCTGAGCTTTTCTTACCAGGTGGCAAAGGGCATGGCTTTCCTCGCCTCCAAGAATGTAAGTGGGAGTGATTCTC	CGAGTTGGCCCTAGACTTAGAAGACTTGCTGAGCTTTTCTTACCAGGTGGAAAAGGGCAGGGCTTTCCTCGCCTCCAAGAATGTAAGTGGGAGTGATTCTC	0.003165	0.000978	0.011366	630	2	0	2	0.112011	0.993141	PASS	0	2	84	493	0.020230	0	5.7000	1.0000	ML_PASS	CALLED	.	.	.	.	.
chr6:117362585-117362685	Deletion	CTGTTTTCTCTCTCATACCTGGAAGGCAATAAAGCATCTGGGACTCATGCCTTCAAGTTGAAAAGACATCACTGAGGGAGTGACATTGACAGCAATCCAGT	CTGTTTTCTCTCTCATACCTGGAAGGCAATAAAGCATCTGGGACTCATGCCTTCAAGTTGAAAGACATCACTGAGGGAGTGACATTGACAGCAATCCAGT	0.004545	0.001405	0.016286	438	2	0	2	0.505940	0.996604	PASS	2	0	94	344	0.000628	0	2.0000	0.9993	ML_PASS	CALLED	.	.	.	.	.
chr6:117365583-117365683	SNV	TAGAATGAGCACTAAATTCTACACTGTAGAAAACTACACCCCAGTCTACCGCAGGGGGACCATTCCACAGGATTTGAAAACTTGAAGCATTTCCTTCAATC	TAGAATGAGCACTAAATTCTACACTGTAGAAAACTACACCCCAGTCTACCGCAGGGGGGCCATTCCACAGGATTTGAAAACTTGAAGCATTTCCTTCAATC	0.004751	0.001468	0.017014	419	2	0	2	1.000000	0.996885	PASS	1	1	81	338	0.006737	0	2.0000	1.0000	ML_PASS	CALLED	.	.	.	.	.
chr6:117366166-117366266	SNV	CTTGAGTTGTGATAATCCTAAAGCCATTGATCCAGAACAGCCGACCACTATAGTACATCAGTGCATTCTGGGAAATTTCAGAAGTACTCCAGGCTGCAAAT	CTTGAGTTGTGATAATCCTAAAGCCATTGATCCAGAACAGCCGACCACTACAGTACATCAGTGCATTCTGGGAAATTTCAGAAGTACTCCAGGCTGCAAAT	0.008811	0.002722	0.031326	225	2	1	1	1.000000	0.999078	PASS	1	0	54	171	0.001447	1	2.0000	1.0000	ML_PASS	CALLED	.	.	.	.	.
chr6:117379045-117379145	SNV	GGGACTCTACTTACCTCTGTCCCCGAAGAACAGCTGTGTACAGGTGAATACATTGACTGTCTTGAACCAACCAATACAGGAGCCCATCACTGAGGTCTAAA	GGGACTCTACTTACCTCTGTCCCCGAAGAACAGCTGTGTACAGGTGAATATATTGACTGTCTTGAACCAACCAATACAGGAGCCCATCACTGAGGTCTAAA	0.008677	0.003523	0.022019	457	4	1	3	0.088524	0.999999	PASS	0	3	98	357	0.000304	1	4.0000	1.0000	ML_PASS	CALLED	.	.	.	.	.
chr6:117387754-117387854	SNV	TCCCTAAATCCAGAACATTTTCTCACCTGGCACCAGGGTAGTACCCACTGAGGGCTCTGACCAGGGGCCTGGCCTCTTTGGAGAACTTGCTCTCACAGAAA	TCCCTAAATCCAGAACATTTTCTCACCTGGCACCAGGGTAGTACCCACTGAGGGTTCTGACCAGGGGCCTGGCCTCTTTGGAGAACTTGCTCTCACAGAAA	0.463847	0.428020	0.500057	393	340	65	275	0.313616	1.000000	PASS	151	123	88	305	0.001857	65	391.6129	1.0000	ML_PASS	CALLED	.	.	.	.	.
chr6:117396146-117396246	SNV	CCCTCATTCCTGTGTAGCTAAAGGAAGAAGCCTGACCCATACCTGCTGAAGATGAAGTGGTAATACTAGATTCTGCTTCTGGACCCTCACCAACTTCATTT	CCCTCATTCCTGTGTAGCTAAAGGAAGAAGCCTGACCCATACCTGCTGAAGATGAACTGGTAATACTAGATTCTGCTTCTGGACCCTCACCAACTTCATTT	0.005376	0.001953	0.015603	555	3	0	3	0.122267	0.999879	PASS	0	3	141	407	0.008019	0	3.1290	1.0000	ML_PASS	CALLED	.	.	.	.	.
chr6:117396146-117396246	SNV	CCCTCATTCCTGTGTAGCTAAAGGAAGAAGCCTGACCCATACCTGCTGAAGATGAAGTGGTAATACTAGATTCTGCTTCTGGACCCTCACCAACTTCATTT	CCCTCATTCCTGTGTAGCTAAAGGAAGAAGCCTGACCCATACCTGCTGAACATGAAGTGGTAATACTAGATTCTGCTTCTGGACCCTCACCAACTTCATTT	0.003591	0.001110	0.012887	555	2	1	1	0.495098	0.994627	PASS	0	1	141	407	0.000982	1	2.0000	1.0000	ML_PASS	CALLED	.	.	.	.	.
chr6:117409547-117409647	SNV	AGCCTATTTTTTAAAAGTCGTGTGTGTCCTCTTACCCAGTACTTCCTCTTCATATGCACCTTCCGCGCTGCTACAGCCAACCTCACACGACTCCCGCTGTG	AGCCTATTTTTTAAAAGTCGTGTGTGTCCTCTTACCCAGTAGTTCCTCTTCATATGCACCTTCCGCGCTGCTACAGCCAACCTCACACGACTCCCGCTGTG	0.004556	0.001408	0.016323	437	2	0	2	0.511864	0.996619	PASS	2	0	76	361	0.007215	0	4.2581	1.0000	ML_PASS	CALLED	.	.	.	.	.
chr6:117418456-117418556	MNV	ACTTACCGGTTCACTCAGATTATGTGGTGTGCCAAGGTCAAGCTGCTGGCCCTGAAATGAAGAAGGAGGTAGTAAACACCAGCCATCAGTACTGGGTTCCG	ACTTACCGGTTCACTCAGATTATGTGGTGTGCCAAGGTCAAGCTGCTGGCCCTGAAATGAAGAAGGAACTAGTAAACACCAGCCATCAGTACTGGGTTCCG	0.047244	0.033355	0.066656	605	30	4	26	0.098042	1.000000	PASS	9	16	138	467	0.011428	4	31.6562	1.0000	ML_PASS	CALLED	.	.	.	.	.
chr6:117418456-117418556	SNV	ACTTACCGGTTCACTCAGATTATGTGGTGTGCCAAGGTCAAGCTGCTGGCCCTGAAATGAAGAAGGAGGTAGTAAACACCAGCCATCAGTACTGGGTTCCG	ACTTACCGGTTCACTCAGATTATGTGGTGTGCCAAGGTCAAGCTGCTGGCCCTGAAATGAAGAAGGAAGTAGTAAACACCAGCCATCAGTACTGGGTTCCG	0.027331	0.017211	0.043331	605	17	3	14	0.004548	1.000000	StrandBias	2	12	138	467	0.007848	3	18.8065	1.0000	ML_PASS	CALLED	.	.	.	.	.
chr6:117418456-117418556	SNV	ACTTACCGGTTCACTCAGATTATGTGGTGTGCCAAGGTCAAGCTGCTGGCCCTGAAATGAAGAAGGAGGTAGTAAACACCAGCCATCAGTACTGGGTTCCG	ACTTACCGGTTCACTCAGATTATGTGGTGTGCCAAGGTCAAGCTGCTGGCCCTGAAATGAAGAAGGAGCTAGTAAACACCAGCCATCAGTACTGGGTTCCG	0.013051	0.006724	0.025511	605	8	1	7	0.018588	1.000000	PASS	7	0	138	467	0.009136	1	9.0645	1.0000	ML_PASS	CALLED	.	.	.	.	.
chr6:117418456-117418556	MNV	ACTTACCGGTTCACTCAGATTATGTGGTGTGCCAAGGTCAAGCTGCTGGCCCTGAAATGAAGAAGGAGGTAGTAAACACCAGCCATCAGTACTGGGTTCCG	ACTTACCGGTTCACTCAGATTATGTGGTGTGCCAAGGTCAAGCTGCTGGCCCTGAAATGAAGAAGGAAATAGTAAACACCAGCCATCAGTACTGGGTTCCG	0.008197	0.003612	0.018993	605	5	0	5	0.183808	1.000000	PASS	1	4	138	467	0.010318	0	6.8125	1.0000	ML_PASS	CALLED	.	.	.	.	.
chr6:117418456-117418556	SNV	ACTTACCGGTTCACTCAGATTATGTGGTGTGCCAAGGTCAAGCTGCTGGCCCTGAAATGAAGAAGGAGGTAGTAAACACCAGCCATCAGTACTGGGTTCCG	ACTTACCGGTTCACTCAGATTATGTGGTGTGCCAAGGTCAAGCTGCTGGCCCTGAAATGAAAAAGGAGGTAGTAAACACCAGCCATCAGTACTGGGTTCCG	0.004934	0.001792	0.014328	605	3	0	3	1.000000	0.999844	PASS	2	1	138	467	0.003098	0	3.0968	1.0000	ML_PASS	CALLED	.	.	.	.	.
chr6:117418456-117418556	MNV	ACTTACCGGTTCACTCAGATTATGTGGTGTGCCAAGGTCAAGCTGCTGGCCCTGAAATGAAGAAGGAGGTAGTAAACACCAGCCATCAGTACTGGGTTCCG	ACTTACCGGTTCACTCAGATTATGTGGTGTGCCAAGGTCAAGCTGCTGGCCCTGAAATGAAGAAGGAACCAGTAAACACCAGCCATCAGTACTGGGTTCCG	0.004934	0.001792	0.014328	605	3	0	3	1.000000	0.999844	PASS	2	1	138	467	0.016234	0	5.6970	1.0000	ML_PASS	CALLED	.	.	.	.	.
chr6:117418456-117418556	SNV	ACTTACCGGTTCACTCAGATTATGTGGTGTGCCAAGGTCAAGCTGCTGGCCCTGAAATGAAGAAGGAGGTAGTAAACACCAGCCATCAGTACTGGGTTCCG	ACTTACCGGTTCACTCAGATTATGTGGTGTGCCAAGGTCAAGCTGCTGGCCCTGAAATGAACAAGGAGGTAGTAAACACCAGCCATCAGTACTGGGTTCCG	0.003295	0.001019	0.011832	605	2	0	2	1.000000	0.993655	PASS	1	1	138	467	0.004559	0	2.1935	1.0000	ML_PASS	CALLED	.	.	.	.	.
chr7:116769739-116769839	SNV	TATGCACGGTCCCCAATGACCTGCTGAAATTGAACAGCGAGCTAAATATAGAGGTGGGATTCCTGCATTCCTCTCATGATGTAAATAAGGAAGCCAGTGTA	TATGCACGGTCCCCAATGACCTGCTGAAATTGAACAGCGAGCTAAATATAGAGCTGGGATTCCTGCATTCCTCTCATGATGTAAATAAGGAAGCCAGTGTA	0.080702	0.061105	0.105996	524	46	10	36	0.295404	1.000000	PASS	18	18	143	371	0.010497	10	63.8387	1.0000	ML_PASS	CALLED	.	.	.	.	.
chr7:116769739-116769839	SNV	TATGCACGGTCCCCAATGACCTGCTGAAATTGAACAGCGAGCTAAATATAGAGGTGGGATTCCTGCATTCCTCTCATGATGTAAATAAGGAAGCCAGTGTA	TATGCACGGTCCCCAATGACCTGCTGAAATTGAACAGCGAGCTAAATATAGAGATGGGATTCCTGCATTCCTCTCATGATGTAAATAAGGAAGCCAGTGTA	0.018727	0.010307	0.034105	524	10	1	9	0.743173	1.000000	PASS	6	3	143	371	0.013694	1	12.4194	1.0000	ML_PASS	CALLED	.	.	.	.	.
chr7:116769739-116769839	SNV	TATGCACGGTCCCCAATGACCTGCTGAAATTGAACAGCGAGCTAAATATAGAGGTGGGATTCCTGCATTCCTCTCATGATGTAAATAAGGAAGCCAGTGTA	TATGCACGGTCCCCAATGACCTGCTGAAATTGAACAGCGAGCTAAATATAGAGGTGGGACTCCTGCATTCCTCTCATGATGTAAATAAGGAAGCCAGTGTA	0.011321	0.005316	0.024431	524	6	0	6	1.000000	1.000000	PASS	4	2	143	371	0.030757	0	8.1613	1.0000	ML_PASS	CALLED	.	.	.	.	.
chr7:55151258-55151358	Deletion	TCACTGAGATATGCATCTATTACTTTTACATTTCAGGCCAAAAGTGTGATCCAAGCTGTCCCAATGGGAGCTGCTGGGGTGCAGGAGAGGAGAACTGCCAG	TCACTGAGATATGCATCTATTACTTTTACATTTCAGGCCAAAGTGTGATCCAAGCTGTCCCAATGGGAGCTGCTGGGGTGCAGGAGAGGAGAACTGCCAG	0.010152	0.004123	0.025724	390	4	0	4	0.640535	1.000000	PASS	3	1	70	320	0.000491	0	5.3704	0.9994	ML_PASS	CALLED	.	.	.	.	.
chr7:55152577-55152677	Deletion	CGGGCGCTGCCGTGGCAAGTCCCCCAGTGACTGCTGCCACAACCAGTGTGCTGCAGGCTGCACAGGCCCCCGGGAGAGCGACTGCCTGGTAAGATGCCCCT	CGGGCGCTGCCGTGGCAAGTCCCCCAGTGACTGCTGCCACAACCAGTGTGCTGCAGGCTGCACAGGCCCCGGGAGAGCGACTGCCTGGTAAGATGCCCCT	0.006977	0.002534	0.020206	427	3	0	3	0.255742	0.999944	PASS	3	0	67	360	0.001272	0	3.6923	0.9994	ML_PASS	CALLED	.	.	.	.	.
chr7:55161488-55161588	SNV	TGTCTCCGCAGAGGCCACAGGCCAGGTCTGCCATGCCTTGTGCTCCCCCGAGGGCTGCTGGGGCCCGGAGCCCAGGGACTGCGTCTCTTGCCGGAATGTCA	TGTCTCCGCAGAGGCCACAGGCCAGGTCTGCCATGCCTTGTGCTCCCCCGAGGGCTGCTGGGGCCCAGAGCCCAGGGACTGCGTCTCTTGCCGGAATGTCA	0.005587	0.001727	0.019979	356	2	0	2	0.509836	0.997733	PASS	2	0	52	302	0.000675	0	2.0000	1.0000	ML_PASS	CALLED	.	.	.	.	.
chr7:55165324-55165424	SNV	CCACTGCGTCAAGACCTGCCCGGCAGGAGTCATGGGAGAAAACAACACCCTGGTCTGGAAGTACGCAGACGCCGGCCATGTGTGCCACCTGTGCCATCCAA	CCACTGCGTCAAGACCTGCCCGGCAGGAGTCATGGGAGAAAACAACACCCTGGTCTGGAAGTACACAGACGCCGGCCATGTGTGCCACCTGTGCCATCCAA	0.003442	0.001064	0.012358	579	2	1	1	0.423800	0.994170	PASS	0	1	98	478	0.002366	1	2.0000	1.0000	ML_PASS	CALLED	.	.	.	.	.
chr7:55171131-55171231	Deletion	AAGTAGAATGAGAAAAATGTATATTTCTCTTTCACTTCCTACAGATGCACTGGGCCAGGTCTTGAAGGCTGTCCAACGAATGGGTAAGTGTTCACAGCTCT	AAGTAGAATGAGAAAAATGTATATTTCTCTTTCACTTCCTACAGATGCACTGGGCCAGGTCTTGAGGCTGTCCAACGAATGGGTAAGTGTTCACAGCTCT	0.005291	0.001635	0.018932	376	2	0	2	1.000000	0.997478	PASS	1	1	62	314	0.000521	0	2.0000	0.9992	ML_PASS	CALLED	.	.	.	.	.
chr7:55181328-55181428	SNV	CGTGTGCCGCCTGCTGGGCATCTGCCTCACCTCCACCGTGCAGCTCATCACGCAGCTCATGCCCTTCGGCTGCCTCCTGGACTATGTCCGGGAACACAAAG	CGTGTGCCGCCTGCTGGGCATCTGCCTCACCTCCACCGTGCAACTCATCACGCAGCTCATGCCCTTCGGCTGCCTCCTGGACTATGTCCGGGAACACAAAG	0.477273	0.422082	0.533032	161	147	22	125	0.031561	1.000000	PASS	64	59	21	137	0.000137	22	159.7742	1.0000	ML_PASS	CALLED	.	.	.	.	.
chr7:55191772-55191872	Deletion	GAACGTACTGGTGAAAACACCGCAGCATGTCAAGATCACAGATTTTGGGCTGGCCAAACTGCTGGGTGCGGAAGAGAAAGAATACCATGCAGAAGGAGGCA	GAACGTACTGGTGAAAACACCGCAGCATGTCAAGATCACAGATTTTGGGCTGCCAAACTGCTGGGTGCGGAAGAGAAAGAATACCATGCAGAAGGAGGCA	0.004141	0.001280	0.014847	481	2	0	2	0.503221	0.995927	PASS	2	0	105	376	0.000919	0	2.0000	0.9995	ML_PASS	CALLED	.	.	.	.	.
chr7:55200301-55200401	SNV	TCATTCCTTCCCCAGGCTGGATGATAGACGCAGATAGTCGCCCAAAGTTCCGTGAGTTGATCATCGAATTCTCCAAAATGGCCCGAGACCCCCAGCGCTAC	TCATTCCTTCCCCAGGCTGGATGATAGACGCAGATAGTCGCCCAAAGTTCCATGAGTTGATCATCGAATTCTCCAAAATGGCCCGAGACCCCCAGCGCTAC	0.003289	0.001017	0.011812	606	2	1	1	1.000000	0.993635	PASS	1	0	135	461	0.001111	1	2.0000	1.0000	ML_PASS	CALLED	.	.	.	.	.
chr7:55205475-55205575	Deletion	AAATTAGCCTGGACAACCCTGACTACCAGCAGGACTTCTTTCCCAAGGAAGCCAAGCCAAATGGCATCTTTAAGGGCTCCACAGCTGAAAATGCAGAATAC	AAATTAGCCTGGACAACCCTGACTACCAGCAGGACTTCTTTCCCAAGGAAGCCAAGCCAATGGCATCTTTAAGGGCTCCACAGCTGAAAATGCAGAATAC	0.006356	0.002309	0.018423	469	3	0	3	0.256816	0.999926	PASS	3	0	93	376	0.000467	0	3.0000	0.9994	ML_PASS	CALLED	.	.	.	.	.
chr7:55205475-55205575	SNV	AAATTAGCCTGGACAACCCTGACTACCAGCAGGACTTCTTTCCCAAGGAAGCCAAGCCAAATGGCATCTTTAAGGGCTCCACAGCTGAAAATGCAGAATAC	AAATTAGCCTGGACAACCCTGACTACCAGCAGGACTTCTTTCCCAAGGAAGTCAAGCCAAATGGCATCTTTAAGGGCTCCACAGCTGAAAATGCAGAATAC	0.004246	0.001313	0.015222	469	2	0	2	0.203991	0.996121	PASS	0	2	93	376	0.002685	0	2.9355	1.0000	ML_PASS	CALLED	.	.	.	.	.
chr9:132902566-132902666	SNV	ATTCTCGCAGTTGGCTTTGCCTGGTGCTGCAGTTTATACCTGTAATTCCTGGCTCTGGTTGTAGAATTCCTCTCGGTCATGCTGCAGCTGTCTGATCTGGC	ATTCTCGCAGTTGGCTTTGCCTGGTGCTGCAGTTTATACCTGTAATTCCTAGCTCTGGTTGTAGAATTCCTCTCGGTCATGCTGCAGCTGTCTGATCTGGC	0.010283	0.004176	0.026051	385	4	0	4	1.000000	1.000000	PASS	2	2	83	302	0.001294	0	4.0323	1.0000	ML_PASS	CALLED	.	.	.	.	.
