chrom	pos	ref	alt	filter	vaf	vaf_lo	vaf_hi	nref	nalt	ndupalt	nsimalt	sbp	conf
chr1	498	T	TC	PASS	0.014164	0.008652	0.023233	1044	15	0	15	0.253507	1.000000
chr1	499	C	<DUP>	PASS	0.004170	0.001837	0.009697	1044	5	0	5	0.012740	0.999999
chr1	631	G	C	LowConfidence	0.001912	0.000591	0.006883	1044	2	0	2	0.554897	0.982152
chr1	636	G	A	LowConfidence	0.001912	0.000591	0.006883	1044	2	0	2	0.112432	0.982152
chr1	627	A	T	LowConfidence	0.001912	0.000591	0.006883	1044	2	0	2	1.000000	0.982152
chr1	642	A	T	LowConfidence	0.001912	0.000591	0.006883	1044	2	0	2	1.000000	0.982152
chr1	654	A	C	LowConfidence	0.001912	0.000591	0.006883	1044	2	0	2	0.554897	0.982152
chr1	661	G	C	LowConfidence	0.001912	0.000591	0.006883	1044	2	0	2	0.554897	0.982152
chr1	665	T	G	LowConfidence	0.001912	0.000591	0.006883	1044	2	0	2	0.554897	0.982152
chr1	627	ACGCGCGACGAAGCTAAGTTTGCAGTAATTAACCG	TCGCGCGACGAAGCTAAGTTTGCAGTAATTAACCC	LowConfidence	0.001912	0.000591	0.006883	1044	2	0	2	1.000000	0.982152
chr1	631	GCGACGAAGCTAAGTTTGCAGTAATTAACCGACAT	CCGACGAAGCTAAGTTTGCAGTAATTAACCGACAG	LowConfidence	0.001912	0.000591	0.006883	1044	2	0	2	0.554897	0.982152
chr1	627	ACGCGCGACGAAGCTAAGTTTGCAGTAATTAACCGACAT	TCGCGCGACGAAGCTAAGTTTGCAGTAATTAACCGACAG	LowConfidence	0.001912	0.000591	0.006883	1044	2	0	2	1.000000	0.982152
chr1	632	C	G	LowConfidence	0.000957	0.000232	0.005315	1044	1	0	1	1.000000	0.796320
chr1	631	G	T	LowConfidence	0.000957	0.000232	0.005315	1044	1	0	1	1.000000	0.796320
chr1	634	A	G	LowConfidence	0.000957	0.000232	0.005315	1044	1	0	1	1.000000	0.796320
chr1	630	C	A	LowConfidence	0.000957	0.000232	0.005315	1044	1	0	1	1.000000	0.796320
chr1	629	G	C	LowConfidence	0.000957	0.000232	0.005315	1044	1	0	1	1.000000	0.796320
chr1	636	G	T	LowConfidence	0.000957	0.000232	0.005315	1044	1	0	1	1.000000	0.796320
chr1	628	C	T	LowConfidence	0.000957	0.000232	0.005315	1044	1	0	1	1.000000	0.796320
chr1	628	C	G	LowConfidence	0.000957	0.000232	0.005315	1044	1	0	1	1.000000	0.796320
chr1	637	A	C	LowConfidence	0.000957	0.000232	0.005315	1044	1	0	1	1.000000	0.796320
chr1	627	A	C	LowConfidence	0.000957	0.000232	0.005315	1044	1	0	1	1.000000	0.796320
chr1	638	A	C	LowConfidence	0.000957	0.000232	0.005315	1044	1	0	1	1.000000	0.796320
chr1	638	A	G	LowConfidence	0.000957	0.000232	0.005315	1044	1	0	1	1.000000	0.796320
chr1	641	T	A	LowConfidence	0.000957	0.000232	0.005315	1044	1	0	1	0.334980	0.796320
chr1	642	A	C	LowConfidence	0.000957	0.000232	0.005315	1044	1	0	1	1.000000	0.796320
chr1	644	G	A	LowConfidence	0.000957	0.000232	0.005315	1044	1	0	1	1.000000	0.796320
chr1	647	T	A	LowConfidence	0.000957	0.000232	0.005315	1044	1	0	1	1.000000	0.796320
chr1	652	T	C	LowConfidence	0.000957	0.000232	0.005315	1044	1	0	1	1.000000	0.796320
chr1	655	T	C	LowConfidence	0.000957	0.000232	0.005315	1044	1	0	1	1.000000	0.796320
chr1	657	A	T	LowConfidence	0.000957	0.000232	0.005315	1044	1	0	1	0.334980	0.796320
chr1	657	A	G	LowConfidence	0.000957	0.000232	0.005315	1044	1	0	1	1.000000	0.796320
chr1	658	A	C	LowConfidence	0.000957	0.000232	0.005315	1044	1	0	1	0.334980	0.796320
chr1	658	A	T	LowConfidence	0.000957	0.000232	0.005315	1044	1	0	1	0.334980	0.796320
chr1	650	AG	GT	LowConfidence	0.000957	0.000232	0.005315	1044	1	0	1	1.000000	0.796320
chr1	659	C	G	LowConfidence	0.000957	0.000232	0.005315	1044	1	0	1	0.334980	0.796320
chr1	661	G	A	LowConfidence	0.000957	0.000232	0.005315	1044	1	0	1	0.334980	0.796320
chr1	661	G	T	LowConfidence	0.000957	0.000232	0.005315	1044	1	0	1	0.334980	0.796320
chr1	663	C	A	LowConfidence	0.000957	0.000232	0.005315	1044	1	0	1	0.334980	0.796320
chr1	663	C	G	LowConfidence	0.000957	0.000232	0.005315	1044	1	0	1	1.000000	0.796320
chr1	666	C	T	LowConfidence	0.000957	0.000232	0.005315	1044	1	0	1	1.000000	0.796320
chr1	654	ATT	TTC	LowConfidence	0.000957	0.000232	0.005315	1044	1	0	1	0.334980	0.796320
chr1	634	ACGAAGCTAAGTTTGCAGTAATTAA	CCGAAGCTAAGTTTGCAGTAATTAC	LowConfidence	0.000957	0.000232	0.005315	1044	1	0	1	1.000000	0.796320
chr1	460	CATTGTTACTTATTAGGTTCTCGTTATG	AATTGTTACTTATTAGGTTCTCGTTATT	LowConfidence	0.000957	0.000232	0.005315	1044	1	0	1	0.334980	0.796320
chr1	633	GACGAAGCTAAGTTTGCAGTAATTAACCGAC	TACGAAGCTAAGTTTGCAGTAATTAACCGAA	LowConfidence	0.000957	0.000232	0.005315	1044	1	0	1	1.000000	0.796320
chr1	627	ACGCGCGACGAAGCTAAGTTTGCAGTAATTAA	CCGCGCGACGAAGCTAAGTTTGCAGTAATTAC	LowConfidence	0.000957	0.000232	0.005315	1044	1	0	1	1.000000	0.796320
chr1	627	ACGCGCGACGAAGCTAAGTTTGCAGTAATTAA	CCGCGCGACGAAGCTAAGTTTGCAGTAATTAT	LowConfidence	0.000957	0.000232	0.005315	1044	1	0	1	1.000000	0.796320
chr1	628	CGCGCGACGAAGCTAAGTTTGCAGTAATTAAC	TGCGCGACGAAGCTAAGTTTGCAGTAATTAAG	LowConfidence	0.000957	0.000232	0.005315	1044	1	0	1	1.000000	0.796320
chr1	628	CGCGCGACGAAGCTAAGTTTGCAGTAATTAAC	GGCGCGACGAAGCTAAGTTTGCAGTAATTAAG	LowConfidence	0.000957	0.000232	0.005315	1044	1	0	1	1.000000	0.796320
chr1	627	ACGCGCGACGAAGCTAAGTTTGCAGTAATTAAC	CCGCGCGACGAAGCTAAGTTTGCAGTAATTAAG	LowConfidence	0.000957	0.000232	0.005315	1044	1	0	1	1.000000	0.796320
chr1	630	CGCGACGAAGCTAAGTTTGCAGTAATTAACCG	AGCGACGAAGCTAAGTTTGCAGTAATTAACCC	LowConfidence	0.000957	0.000232	0.005315	1044	1	0	1	1.000000	0.796320
chr1	630	CGCGACGAAGCTAAGTTTGCAGTAATTAACCG	AGCGACGAAGCTAAGTTTGCAGTAATTAACCA	LowConfidence	0.000957	0.000232	0.005315	1044	1	0	1	1.000000	0.796320
chr1	629	GCGCGACGAAGCTAAGTTTGCAGTAATTAACCG	CCGCGACGAAGCTAAGTTTGCAGTAATTAACCC	LowConfidence	0.000957	0.000232	0.005315	1044	1	0	1	1.000000	0.796320
chr1	630	CGCGACGAAGCTAAGTTTGCAGTAATTAACCG	AGCGACGAAGCTAAGTTTGCAGTAATTAACCT	LowConfidence	0.000957	0.000232	0.005315	1044	1	0	1	1.000000	0.796320
chr1	629	GCGCGACGAAGCTAAGTTTGCAGTAATTAACCG	CCGCGACGAAGCTAAGTTTGCAGTAATTAACCA	LowConfidence	0.000957	0.000232	0.005315	1044	1	0	1	1.000000	0.796320
chr1	628	CGCGCGACGAAGCTAAGTTTGCAGTAATTAACCG	TGCGCGACGAAGCTAAGTTTGCAGTAATTAACCC	LowConfidence	0.000957	0.000232	0.005315	1044	1	0	1	1.000000	0.796320
chr1	628	CGCGCGACGAAGCTAAGTTTGCAGTAATTAACCG	GGCGCGACGAAGCTAAGTTTGCAGTAATTAACCC	LowConfidence	0.000957	0.000232	0.005315	1044	1	0	1	1.000000	0.796320
chr1	629	GCGCGACGAAGCTAAGTTTGCAGTAATTAACCG	CCGCGACGAAGCTAAGTTTGCAGTAATTAACCT	LowConfidence	0.000957	0.000232	0.005315	1044	1	0	1	1.000000	0.796320
chr1	628	CGCGCGACGAAGCTAAGTTTGCAGTAATTAACCG	TGCGCGACGAAGCTAAGTTTGCAGTAATTAACCA	LowConfidence	0.000957	0.000232	0.005315	1044	1	0	1	1.000000	0.796320
chr1	628	CGCGCGACGAAGCTAAGTTTGCAGTAATTAACCG	GGCGCGACGAAGCTAAGTTTGCAGTAATTAACCA	LowConfidence	0.000957	0.000232	0.005315	1044	1	0	1	1.000000	0.796320
chr1	628	CGCGCGACGAAGCTAAGTTTGCAGTAATTAACCG	TGCGCGACGAAGCTAAGTTTGCAGTAATTAACCT	LowConfidence	0.000957	0.000232	0.005315	1044	1	0	1	1.000000	0.796320
chr1	627	ACGCGCGACGAAGCTAAGTTTGCAGTAATTAACCG	CCGCGCGACGAAGCTAAGTTTGCAGTAATTAACCC	LowConfidence	0.000957	0.000232	0.005315	1044	1	0	1	1.000000	0.796320
chr1	628	CGCGCGACGAAGCTAAGTTTGCAGTAATTAACCG	GGCGCGACGAAGCTAAGTTTGCAGTAATTAACCT	LowConfidence	0.000957	0.000232	0.005315	1044	1	0	1	1.000000	0.796320
chr1	627	ACGCGCGACGAAGCTAAGTTTGCAGTAATTAACCG	TCGCGCGACGAAGCTAAGTTTGCAGTAATTAACCA	LowConfidence	0.000957	0.000232	0.005315	1044	1	0	1	0.334980	0.796320
chr1	627	ACGCGCGACGAAGCTAAGTTTGCAGTAATTAACCG	CCGCGCGACGAAGCTAAGTTTGCAGTAATTAACCA	LowConfidence	0.000957	0.000232	0.005315	1044	1	0	1	1.000000	0.796320
chr1	632	CGACGAAGCTAAGTTTGCAGTAATTAACCGAC	GGACGAAGCTAAGTTTGCAGTAATTAACCGAA	LowConfidence	0.000957	0.000232	0.005315	1044	1	0	1	1.000000	0.796320
chr1	631	GCGACGAAGCTAAGTTTGCAGTAATTAACCGAC	TCGACGAAGCTAAGTTTGCAGTAATTAACCGAA	LowConfidence	0.000957	0.000232	0.005315	1044	1	0	1	1.000000	0.796320
chr1	627	ACGCGCGACGAAGCTAAGTTTGCAGTAATTAACCG	CCGCGCGACGAAGCTAAGTTTGCAGTAATTAACCT	LowConfidence	0.000957	0.000232	0.005315	1044	1	0	1	1.000000	0.796320
chr1	632	CGACGAAGCTAAGTTTGCAGTAATTAACCGAC	GGACGAAGCTAAGTTTGCAGTAATTAACCGAG	LowConfidence	0.000957	0.000232	0.005315	1044	1	0	1	1.000000	0.796320
chr1	631	GCGACGAAGCTAAGTTTGCAGTAATTAACCGAC	TCGACGAAGCTAAGTTTGCAGTAATTAACCGAG	LowConfidence	0.000957	0.000232	0.005315	1044	1	0	1	1.000000	0.796320
chr1	631	GCGACGAAGCTAAGTTTGCAGTAATTAACCGAC	CCGACGAAGCTAAGTTTGCAGTAATTAACCGAA	LowConfidence	0.000957	0.000232	0.005315	1044	1	0	1	1.000000	0.796320
chr1	631	GCGACGAAGCTAAGTTTGCAGTAATTAACCGAC	CCGACGAAGCTAAGTTTGCAGTAATTAACCGAG	LowConfidence	0.000957	0.000232	0.005315	1044	1	0	1	1.000000	0.796320
chr1	630	CGCGACGAAGCTAAGTTTGCAGTAATTAACCGAC	AGCGACGAAGCTAAGTTTGCAGTAATTAACCGAA	LowConfidence	0.000957	0.000232	0.005315	1044	1	0	1	1.000000	0.796320
chr1	630	CGCGACGAAGCTAAGTTTGCAGTAATTAACCGAC	AGCGACGAAGCTAAGTTTGCAGTAATTAACCGAG	LowConfidence	0.000957	0.000232	0.005315	1044	1	0	1	1.000000	0.796320
chr1	629	GCGCGACGAAGCTAAGTTTGCAGTAATTAACCGAC	CCGCGACGAAGCTAAGTTTGCAGTAATTAACCGAA	LowConfidence	0.000957	0.000232	0.005315	1044	1	0	1	1.000000	0.796320
chr1	629	GCGCGACGAAGCTAAGTTTGCAGTAATTAACCGAC	CCGCGACGAAGCTAAGTTTGCAGTAATTAACCGAG	LowConfidence	0.000957	0.000232	0.005315	1044	1	0	1	1.000000	0.796320
chr1	628	CGCGCGACGAAGCTAAGTTTGCAGTAATTAACCGAC	TGCGCGACGAAGCTAAGTTTGCAGTAATTAACCGAA	LowConfidence	0.000957	0.000232	0.005315	1044	1	0	1	1.000000	0.796320
chr1	628	CGCGCGACGAAGCTAAGTTTGCAGTAATTAACCGAC	GGCGCGACGAAGCTAAGTTTGCAGTAATTAACCGAA	LowConfidence	0.000957	0.000232	0.005315	1044	1	0	1	1.000000	0.796320
chr1	628	CGCGCGACGAAGCTAAGTTTGCAGTAATTAACCGAC	TGCGCGACGAAGCTAAGTTTGCAGTAATTAACCGAG	LowConfidence	0.000957	0.000232	0.005315	1044	1	0	1	1.000000	0.796320
chr1	628	CGCGCGACGAAGCTAAGTTTGCAGTAATTAACCGAC	GGCGCGACGAAGCTAAGTTTGCAGTAATTAACCGAG	LowConfidence	0.000957	0.000232	0.005315	1044	1	0	1	1.000000	0.796320
chr1	627	ACGCGCGACGAAGCTAAGTTTGCAGTAATTAACCGAC	TCGCGCGACGAAGCTAAGTTTGCAGTAATTAACCGAA	LowConfidence	0.000957	0.000232	0.005315	1044	1	0	1	0.334980	0.796320
chr1	632	CGACGAAGCTAAGTTTGCAGTAATTAACCGACAT	GGACGAAGCTAAGTTTGCAGTAATTAACCGACAG	LowConfidence	0.000957	0.000232	0.005315	1044	1	0	1	1.000000	0.796320
chr1	627	ACGCGCGACGAAGCTAAGTTTGCAGTAATTAACCGAC	CCGCGCGACGAAGCTAAGTTTGCAGTAATTAACCGAA	LowConfidence	0.000957	0.000232	0.005315	1044	1	0	1	1.000000	0.796320
chr1	627	ACGCGCGACGAAGCTAAGTTTGCAGTAATTAACCGAC	TCGCGCGACGAAGCTAAGTTTGCAGTAATTAACCGAG	LowConfidence	0.000957	0.000232	0.005315	1044	1	0	1	1.000000	0.796320
chr1	631	GCGACGAAGCTAAGTTTGCAGTAATTAACCGACAT	TCGACGAAGCTAAGTTTGCAGTAATTAACCGACAG	LowConfidence	0.000957	0.000232	0.005315	1044	1	0	1	1.000000	0.796320
chr1	627	ACGCGCGACGAAGCTAAGTTTGCAGTAATTAACCGAC	CCGCGCGACGAAGCTAAGTTTGCAGTAATTAACCGAG	LowConfidence	0.000957	0.000232	0.005315	1044	1	0	1	1.000000	0.796320
chr1	634	ACGAAGCTAAGTTTGCAGTAATTAACCGACAT	GCGAAGCTAAGTTTGCAGTAATTAACCGACAG	LowConfidence	0.000957	0.000232	0.005315	1044	1	0	1	1.000000	0.796320
chr1	630	CGCGACGAAGCTAAGTTTGCAGTAATTAACCGACAT	AGCGACGAAGCTAAGTTTGCAGTAATTAACCGACAG	LowConfidence	0.000957	0.000232	0.005315	1044	1	0	1	1.000000	0.796320
chr1	629	GCGCGACGAAGCTAAGTTTGCAGTAATTAACCGACAT	CCGCGACGAAGCTAAGTTTGCAGTAATTAACCGACAG	LowConfidence	0.000957	0.000232	0.005315	1044	1	0	1	1.000000	0.796320
chr1	632	CGACGAAGCTAAGTTTGCAGTAATTAACCGACATC	GGACGAAGCTAAGTTTGCAGTAATTAACCGACATT	LowConfidence	0.000957	0.000232	0.005315	1044	1	0	1	1.000000	0.796320
chr1	631	GCGACGAAGCTAAGTTTGCAGTAATTAACCGACATC	TCGACGAAGCTAAGTTTGCAGTAATTAACCGACATT	LowConfidence	0.000957	0.000232	0.005315	1044	1	0	1	1.000000	0.796320
chr1	628	CGCGCGACGAAGCTAAGTTTGCAGTAATTAACCGACAT	TGCGCGACGAAGCTAAGTTTGCAGTAATTAACCGACAG	LowConfidence	0.000957	0.000232	0.005315	1044	1	0	1	1.000000	0.796320
chr1	628	CGCGCGACGAAGCTAAGTTTGCAGTAATTAACCGACAT	GGCGCGACGAAGCTAAGTTTGCAGTAATTAACCGACAG	LowConfidence	0.000957	0.000232	0.005315	1044	1	0	1	1.000000	0.796320
chr1	631	GCGACGAAGCTAAGTTTGCAGTAATTAACCGACATC	CCGACGAAGCTAAGTTTGCAGTAATTAACCGACATT	LowConfidence	0.000957	0.000232	0.005315	1044	1	0	1	1.000000	0.796320
chr1	634	ACGAAGCTAAGTTTGCAGTAATTAACCGACATC	GCGAAGCTAAGTTTGCAGTAATTAACCGACATT	LowConfidence	0.000957	0.000232	0.005315	1044	1	0	1	1.000000	0.796320
chr1	627	ACGCGCGACGAAGCTAAGTTTGCAGTAATTAACCGACAT	CCGCGCGACGAAGCTAAGTTTGCAGTAATTAACCGACAG	LowConfidence	0.000957	0.000232	0.005315	1044	1	0	1	1.000000	0.796320
chr1	630	CGCGACGAAGCTAAGTTTGCAGTAATTAACCGACATC	AGCGACGAAGCTAAGTTTGCAGTAATTAACCGACATT	LowConfidence	0.000957	0.000232	0.005315	1044	1	0	1	1.000000	0.796320
chr1	629	GCGCGACGAAGCTAAGTTTGCAGTAATTAACCGACATC	CCGCGACGAAGCTAAGTTTGCAGTAATTAACCGACATT	LowConfidence	0.000957	0.000232	0.005315	1044	1	0	1	1.000000	0.796320
chr1	628	CGCGCGACGAAGCTAAGTTTGCAGTAATTAACCGACATC	TGCGCGACGAAGCTAAGTTTGCAGTAATTAACCGACATT	LowConfidence	0.000957	0.000232	0.005315	1044	1	0	1	1.000000	0.796320
chr1	628	CGCGCGACGAAGCTAAGTTTGCAGTAATTAACCGACATC	GGCGCGACGAAGCTAAGTTTGCAGTAATTAACCGACATT	LowConfidence	0.000957	0.000232	0.005315	1044	1	0	1	1.000000	0.796320
chr1	627	ACGCGCGACGAAGCTAAGTTTGCAGTAATTAACCGACATC	TCGCGCGACGAAGCTAAGTTTGCAGTAATTAACCGACATT	LowConfidence	0.000957	0.000232	0.005315	1044	1	0	1	1.000000	0.796320
chr1	627	ACGCGCGACGAAGCTAAGTTTGCAGTAATTAACCGACATC	CCGCGCGACGAAGCTAAGTTTGCAGTAATTAACCGACATT	LowConfidence	0.000957	0.000232	0.005315	1044	1	0	1	1.000000	0.796320
chr1	1045	A	T	NotTargeted	0.002722	0.000989	0.007928	1099	3	0	3	1.000000	0.999112
chr1	863	G	T	LowConfidence	0.001817	0.000562	0.006540	1099	2	0	2	0.545685	0.980368
chr1	1011	C	A	LowConfidence	0.001817	0.000562	0.006540	1099	2	0	2	0.545685	0.980368
chr1	1033	A	G	LowConfidence	0.001817	0.000562	0.006540	1099	2	0	2	1.000000	0.980368
chr1	1033	A	C	LowConfidence	0.001817	0.000562	0.006540	1099	2	0	2	0.545685	0.980368
chr1	1036	T	C	LowConfidence	0.001817	0.000562	0.006540	1099	2	0	2	1.000000	0.980368
chr1	1038	A	T	LowConfidence	0.001817	0.000562	0.006540	1099	2	0	2	1.000000	0.980368
chr1	1039	T	G	LowConfidence	0.001817	0.000562	0.006540	1099	2	0	2	1.000000	0.980368
chr1	1063	T	G	LowConfidence	0.001817	0.000562	0.006540	1099	2	0	2	1.000000	0.980368
chr1	1028	C	T	LowConfidence	0.000909	0.000220	0.005050	1099	1	0	1	0.349409	0.788788
chr1	1030	A	G	LowConfidence	0.000909	0.000220	0.005050	1099	1	0	1	0.349409	0.788788
chr1	1030	A	T	LowConfidence	0.000909	0.000220	0.005050	1099	1	0	1	0.349409	0.788788
chr1	1031	C	T	LowConfidence	0.000909	0.000220	0.005050	1099	1	0	1	1.000000	0.788788
chr1	1033	A	T	LowConfidence	0.000909	0.000220	0.005050	1099	1	0	1	1.000000	0.788788
chr1	1034	A	C	LowConfidence	0.000909	0.000220	0.005050	1099	1	0	1	0.349409	0.788788
chr1	1036	T	A	LowConfidence	0.000909	0.000220	0.005050	1099	1	0	1	1.000000	0.788788
chr1	1037	G	C	LowConfidence	0.000909	0.000220	0.005050	1099	1	0	1	1.000000	0.788788
chr1	1040	C	T	LowConfidence	0.000909	0.000220	0.005050	1099	1	0	1	1.000000	0.788788
chr1	1041	A	T	LowConfidence	0.000909	0.000220	0.005050	1099	1	0	1	0.349409	0.788788
chr1	999	T	G	LowConfidence	0.000909	0.000220	0.005050	1099	1	0	1	0.349409	0.788788
chr1	1043	T	A	LowConfidence	0.000909	0.000220	0.005050	1099	1	0	1	1.000000	0.788788
chr1	1045	A	G	LowConfidence	0.000909	0.000220	0.005050	1099	1	0	1	0.349409	0.788788
chr1	1048	T	A	LowConfidence	0.000909	0.000220	0.005050	1099	1	0	1	1.000000	0.788788
chr1	1048	T	C	LowConfidence	0.000909	0.000220	0.005050	1099	1	0	1	0.349409	0.788788
chr1	1050	T	A	LowConfidence	0.000909	0.000220	0.005050	1099	1	0	1	0.349409	0.788788
chr1	1052	A	T	LowConfidence	0.000909	0.000220	0.005050	1099	1	0	1	1.000000	0.788788
chr1	1051	T	C	LowConfidence	0.000909	0.000220	0.005050	1099	1	0	1	0.349409	0.788788
chr1	1052	A	C	LowConfidence	0.000909	0.000220	0.005050	1099	1	0	1	0.349409	0.788788
chr1	1054	G	C	LowConfidence	0.000909	0.000220	0.005050	1099	1	0	1	1.000000	0.788788
chr1	1056	A	T	LowConfidence	0.000909	0.000220	0.005050	1099	1	0	1	1.000000	0.788788
chr1	1057	C	A	LowConfidence	0.000909	0.000220	0.005050	1099	1	0	1	0.349409	0.788788
chr1	1059	G	T	LowConfidence	0.000909	0.000220	0.005050	1099	1	0	1	1.000000	0.788788
chr1	1060	T	C	LowConfidence	0.000909	0.000220	0.005050	1099	1	0	1	1.000000	0.788788
chr1	1060	T	A	LowConfidence	0.000909	0.000220	0.005050	1099	1	0	1	1.000000	0.788788
chr1	1062	T	G	LowConfidence	0.000909	0.000220	0.005050	1099	1	0	1	0.349409	0.788788
chr1	1063	T	A	LowConfidence	0.000909	0.000220	0.005050	1099	1	0	1	1.000000	0.788788
chr1	1063	T	C	LowConfidence	0.000909	0.000220	0.005050	1099	1	0	1	1.000000	0.788788
chr1	1064	A	T	LowConfidence	0.000909	0.000220	0.005050	1099	1	0	1	1.000000	0.788788
chr1	1065	A	C	LowConfidence	0.000909	0.000220	0.005050	1099	1	0	1	0.349409	0.788788
chr1	1066	C	T	LowConfidence	0.000909	0.000220	0.005050	1099	1	0	1	0.349409	0.788788
chr1	1067	T	C	LowConfidence	0.000909	0.000220	0.005050	1099	1	0	1	1.000000	0.788788
chr1	1067	T	A	LowConfidence	0.000909	0.000220	0.005050	1099	1	0	1	1.000000	0.788788
chr1	1035	TTGATCAGTAATTTATTA	ATGATCAGTAATTTATTC	LowConfidence	0.000909	0.000220	0.005050	1099	1	0	1	0.349409	0.788788
chr1	1048	TATTAAGCACGGTGTTAACT	AATTAAGCACGGTGTTAACA	LowConfidence	0.000909	0.000220	0.005050	1099	1	0	1	1.000000	0.788788
chr1	1036	TGATCAGTAATTTATTAAGCACGGTGTT	GGATCAGTAATTTATTAAGCACGGTGTA	LowConfidence	0.000909	0.000220	0.005050	1099	1	0	1	1.000000	0.788788
chr1	1036	TGATCAGTAATTTATTAAGCACGGTGTTAAC	GGATCAGTAATTTATTAAGCACGGTGTTAAT	LowConfidence	0.000909	0.000220	0.005050	1099	1	0	1	1.000000	0.788788
chr1	1028	CGACTAATTGATCAGTAATTTATTAAGCACGGTGTT	TGACTAATTGATCAGTAATTTATTAAGCACGGTGTA	LowConfidence	0.000909	0.000220	0.005050	1099	1	0	1	1.000000	0.788788
chr1	1028	CGACTAATTGATCAGTAATTTATTAAGCACGGTGTTA	TGACTAATTGATCAGTAATTTATTAAGCACGGTGTTT	LowConfidence	0.000909	0.000220	0.005050	1099	1	0	1	1.000000	0.788788
chr1	1030	ACTAATTGATCAGTAATTTATTAAGCACGGTGT	GCTAATTGATCAGTAATTTATTAAGCACGGTGG	LowConfidence	0.000909	0.000220	0.005050	1099	1	0	1	0.349409	0.788788
chr1	1030	ACTAATTGATCAGTAATTTATTAAGCACGGTGT	TCTAATTGATCAGTAATTTATTAAGCACGGTGG	LowConfidence	0.000909	0.000220	0.005050	1099	1	0	1	0.349409	0.788788
chr1	1028	CGACTAATTGATCAGTAATTTATTAAGCACGGTGTTAA	TGACTAATTGATCAGTAATTTATTAAGCACGGTGTTAC	LowConfidence	0.000909	0.000220	0.005050	1099	1	0	1	0.349409	0.788788
chr1	1030	ACTAATTGATCAGTAATTTATTAAGCACGGTGTT	GCTAATTGATCAGTAATTTATTAAGCACGGTGTG	LowConfidence	0.000909	0.000220	0.005050	1099	1	0	1	0.349409	0.788788
chr1	1030	ACTAATTGATCAGTAATTTATTAAGCACGGTGTT	TCTAATTGATCAGTAATTTATTAAGCACGGTGTG	LowConfidence	0.000909	0.000220	0.005050	1099	1	0	1	0.349409	0.788788
chr1	1028	CGACTAATTGATCAGTAATTTATTAAGCACGGTGTTAAC	TGACTAATTGATCAGTAATTTATTAAGCACGGTGTTAAT	LowConfidence	0.000909	0.000220	0.005050	1099	1	0	1	0.349409	0.788788
chr1	1030	ACTAATTGATCAGTAATTTATTAAGCACGGTGTT	GCTAATTGATCAGTAATTTATTAAGCACGGTGTA	LowConfidence	0.000909	0.000220	0.005050	1099	1	0	1	1.000000	0.788788
chr1	1030	ACTAATTGATCAGTAATTTATTAAGCACGGTGTT	TCTAATTGATCAGTAATTTATTAAGCACGGTGTA	LowConfidence	0.000909	0.000220	0.005050	1099	1	0	1	1.000000	0.788788
chr1	1030	ACTAATTGATCAGTAATTTATTAAGCACGGTGTT	GCTAATTGATCAGTAATTTATTAAGCACGGTGTC	LowConfidence	0.000909	0.000220	0.005050	1099	1	0	1	1.000000	0.788788
chr1	1028	CGACTAATTGATCAGTAATTTATTAAGCACGGTGTTAACT	TGACTAATTGATCAGTAATTTATTAAGCACGGTGTTAACC	LowConfidence	0.000909	0.000220	0.005050	1099	1	0	1	1.000000	0.788788
chr1	1030	ACTAATTGATCAGTAATTTATTAAGCACGGTGTT	TCTAATTGATCAGTAATTTATTAAGCACGGTGTC	LowConfidence	0.000909	0.000220	0.005050	1099	1	0	1	1.000000	0.788788
chr1	1031	CTAATTGATCAGTAATTTATTAAGCACGGTGT	TTAATTGATCAGTAATTTATTAAGCACGGTGG	LowConfidence	0.000909	0.000220	0.005050	1099	1	0	1	1.000000	0.788788
chr1	1028	CGACTAATTGATCAGTAATTTATTAAGCACGGTGTTAACT	TGACTAATTGATCAGTAATTTATTAAGCACGGTGTTAACA	LowConfidence	0.000909	0.000220	0.005050	1099	1	0	1	1.000000	0.788788
chr1	1030	ACTAATTGATCAGTAATTTATTAAGCACGGTGTTA	GCTAATTGATCAGTAATTTATTAAGCACGGTGTTT	LowConfidence	0.000909	0.000220	0.005050	1099	1	0	1	1.000000	0.788788
chr1	1030	ACTAATTGATCAGTAATTTATTAAGCACGGTGTTA	TCTAATTGATCAGTAATTTATTAAGCACGGTGTTT	LowConfidence	0.000909	0.000220	0.005050	1099	1	0	1	1.000000	0.788788
chr1	1031	CTAATTGATCAGTAATTTATTAAGCACGGTGTT	TTAATTGATCAGTAATTTATTAAGCACGGTGTG	LowConfidence	0.000909	0.000220	0.005050	1099	1	0	1	1.000000	0.788788
chr1	1031	CTAATTGATCAGTAATTTATTAAGCACGGTGTT	TTAATTGATCAGTAATTTATTAAGCACGGTGTA	LowConfidence	0.000909	0.000220	0.005050	1099	1	0	1	1.000000	0.788788
chr1	1031	CTAATTGATCAGTAATTTATTAAGCACGGTGTT	TTAATTGATCAGTAATTTATTAAGCACGGTGTC	LowConfidence	0.000909	0.000220	0.005050	1099	1	0	1	1.000000	0.788788
chr1	1030	ACTAATTGATCAGTAATTTATTAAGCACGGTGTTAA	GCTAATTGATCAGTAATTTATTAAGCACGGTGTTAC	LowConfidence	0.000909	0.000220	0.005050	1099	1	0	1	0.349409	0.788788
chr1	1030	ACTAATTGATCAGTAATTTATTAAGCACGGTGTTAA	TCTAATTGATCAGTAATTTATTAAGCACGGTGTTAC	LowConfidence	0.000909	0.000220	0.005050	1099	1	0	1	0.349409	0.788788
chr1	1030	ACTAATTGATCAGTAATTTATTAAGCACGGTGTTAAC	GCTAATTGATCAGTAATTTATTAAGCACGGTGTTAAT	LowConfidence	0.000909	0.000220	0.005050	1099	1	0	1	0.349409	0.788788
chr1	1030	ACTAATTGATCAGTAATTTATTAAGCACGGTGTTAAC	TCTAATTGATCAGTAATTTATTAAGCACGGTGTTAAT	LowConfidence	0.000909	0.000220	0.005050	1099	1	0	1	0.349409	0.788788
chr1	1030	ACTAATTGATCAGTAATTTATTAAGCACGGTGTTAACT	GCTAATTGATCAGTAATTTATTAAGCACGGTGTTAACC	LowConfidence	0.000909	0.000220	0.005050	1099	1	0	1	1.000000	0.788788
chr1	1030	ACTAATTGATCAGTAATTTATTAAGCACGGTGTTAACT	TCTAATTGATCAGTAATTTATTAAGCACGGTGTTAACC	LowConfidence	0.000909	0.000220	0.005050	1099	1	0	1	1.000000	0.788788
chr1	1031	CTAATTGATCAGTAATTTATTAAGCACGGTGTTA	TTAATTGATCAGTAATTTATTAAGCACGGTGTTT	LowConfidence	0.000909	0.000220	0.005050	1099	1	0	1	1.000000	0.788788
chr1	1030	ACTAATTGATCAGTAATTTATTAAGCACGGTGTTAACT	GCTAATTGATCAGTAATTTATTAAGCACGGTGTTAACA	LowConfidence	0.000909	0.000220	0.005050	1099	1	0	1	1.000000	0.788788
chr1	1030	ACTAATTGATCAGTAATTTATTAAGCACGGTGTTAACT	TCTAATTGATCAGTAATTTATTAAGCACGGTGTTAACA	LowConfidence	0.000909	0.000220	0.005050	1099	1	0	1	1.000000	0.788788
chr1	1031	CTAATTGATCAGTAATTTATTAAGCACGGTGTTAA	TTAATTGATCAGTAATTTATTAAGCACGGTGTTAC	LowConfidence	0.000909	0.000220	0.005050	1099	1	0	1	1.000000	0.788788
chr1	1031	CTAATTGATCAGTAATTTATTAAGCACGGTGTTAAC	TTAATTGATCAGTAATTTATTAAGCACGGTGTTAAT	LowConfidence	0.000909	0.000220	0.005050	1099	1	0	1	1.000000	0.788788
chr1	1031	CTAATTGATCAGTAATTTATTAAGCACGGTGTTAACT	TTAATTGATCAGTAATTTATTAAGCACGGTGTTAACC	LowConfidence	0.000909	0.000220	0.005050	1099	1	0	1	1.000000	0.788788
chr1	1031	CTAATTGATCAGTAATTTATTAAGCACGGTGTTAACT	TTAATTGATCAGTAATTTATTAAGCACGGTGTTAACA	LowConfidence	0.000909	0.000220	0.005050	1099	1	0	1	1.000000	0.788788
chr1	1033	AATTGATCAGTAATTTATTAAGCACGGTGTTA	GATTGATCAGTAATTTATTAAGCACGGTGTTT	LowConfidence	0.000909	0.000220	0.005050	1099	1	0	1	1.000000	0.788788
chr1	1033	AATTGATCAGTAATTTATTAAGCACGGTGTTA	CATTGATCAGTAATTTATTAAGCACGGTGTTT	LowConfidence	0.000909	0.000220	0.005050	1099	1	0	1	1.000000	0.788788
chr1	1033	AATTGATCAGTAATTTATTAAGCACGGTGTTA	TATTGATCAGTAATTTATTAAGCACGGTGTTT	LowConfidence	0.000909	0.000220	0.005050	1099	1	0	1	1.000000	0.788788
chr1	1033	AATTGATCAGTAATTTATTAAGCACGGTGTTAA	GATTGATCAGTAATTTATTAAGCACGGTGTTAC	LowConfidence	0.000909	0.000220	0.005050	1099	1	0	1	0.349409	0.788788
chr1	1033	AATTGATCAGTAATTTATTAAGCACGGTGTTAA	CATTGATCAGTAATTTATTAAGCACGGTGTTAC	LowConfidence	0.000909	0.000220	0.005050	1099	1	0	1	1.000000	0.788788
chr1	1033	AATTGATCAGTAATTTATTAAGCACGGTGTTAA	TATTGATCAGTAATTTATTAAGCACGGTGTTAC	LowConfidence	0.000909	0.000220	0.005050	1099	1	0	1	1.000000	0.788788
chr1	1033	AATTGATCAGTAATTTATTAAGCACGGTGTTAAC	GATTGATCAGTAATTTATTAAGCACGGTGTTAAT	LowConfidence	0.000909	0.000220	0.005050	1099	1	0	1	0.349409	0.788788
chr1	1033	AATTGATCAGTAATTTATTAAGCACGGTGTTAAC	CATTGATCAGTAATTTATTAAGCACGGTGTTAAT	LowConfidence	0.000909	0.000220	0.005050	1099	1	0	1	1.000000	0.788788
chr1	1033	AATTGATCAGTAATTTATTAAGCACGGTGTTAAC	TATTGATCAGTAATTTATTAAGCACGGTGTTAAT	LowConfidence	0.000909	0.000220	0.005050	1099	1	0	1	1.000000	0.788788
chr1	1033	AATTGATCAGTAATTTATTAAGCACGGTGTTAACT	GATTGATCAGTAATTTATTAAGCACGGTGTTAACC	LowConfidence	0.000909	0.000220	0.005050	1099	1	0	1	1.000000	0.788788
chr1	1033	AATTGATCAGTAATTTATTAAGCACGGTGTTAACT	CATTGATCAGTAATTTATTAAGCACGGTGTTAACC	LowConfidence	0.000909	0.000220	0.005050	1099	1	0	1	1.000000	0.788788
chr1	1033	AATTGATCAGTAATTTATTAAGCACGGTGTTAACT	TATTGATCAGTAATTTATTAAGCACGGTGTTAACC	LowConfidence	0.000909	0.000220	0.005050	1099	1	0	1	1.000000	0.788788
chr1	1033	AATTGATCAGTAATTTATTAAGCACGGTGTTAACT	GATTGATCAGTAATTTATTAAGCACGGTGTTAACA	LowConfidence	0.000909	0.000220	0.005050	1099	1	0	1	1.000000	0.788788
chr1	1033	AATTGATCAGTAATTTATTAAGCACGGTGTTAACT	CATTGATCAGTAATTTATTAAGCACGGTGTTAACA	LowConfidence	0.000909	0.000220	0.005050	1099	1	0	1	1.000000	0.788788
chr1	1033	AATTGATCAGTAATTTATTAAGCACGGTGTTAACT	TATTGATCAGTAATTTATTAAGCACGGTGTTAACA	LowConfidence	0.000909	0.000220	0.005050	1099	1	0	1	1.000000	0.788788
chr1	1034	ATTGATCAGTAATTTATTAAGCACGGTGTTAA	CTTGATCAGTAATTTATTAAGCACGGTGTTAC	LowConfidence	0.000909	0.000220	0.005050	1099	1	0	1	0.349409	0.788788
chr1	1034	ATTGATCAGTAATTTATTAAGCACGGTGTTAAC	CTTGATCAGTAATTTATTAAGCACGGTGTTAAT	LowConfidence	0.000909	0.000220	0.005050	1099	1	0	1	0.349409	0.788788
chr1	1034	ATTGATCAGTAATTTATTAAGCACGGTGTTAACT	CTTGATCAGTAATTTATTAAGCACGGTGTTAACC	LowConfidence	0.000909	0.000220	0.005050	1099	1	0	1	1.000000	0.788788
chr1	1034	ATTGATCAGTAATTTATTAAGCACGGTGTTAACT	CTTGATCAGTAATTTATTAAGCACGGTGTTAACA	LowConfidence	0.000909	0.000220	0.005050	1099	1	0	1	1.000000	0.788788
chr1	1036	TGATCAGTAATTTATTAAGCACGGTGTTAACT	CGATCAGTAATTTATTAAGCACGGTGTTAACC	LowConfidence	0.000909	0.000220	0.005050	1099	1	0	1	1.000000	0.788788
chr1	1036	TGATCAGTAATTTATTAAGCACGGTGTTAACT	CGATCAGTAATTTATTAAGCACGGTGTTAACA	LowConfidence	0.000909	0.000220	0.005050	1099	1	0	1	1.000000	0.788788
chr1	1036	TGATCAGTAATTTATTAAGCACGGTGTTAACT	AGATCAGTAATTTATTAAGCACGGTGTTAACC	LowConfidence	0.000909	0.000220	0.005050	1099	1	0	1	1.000000	0.788788
chr1	1036	TGATCAGTAATTTATTAAGCACGGTGTTAACT	AGATCAGTAATTTATTAAGCACGGTGTTAACA	LowConfidence	0.000909	0.000220	0.005050	1099	1	0	1	1.000000	0.788788
